time,node_id,x,y,speed,neighbor_count,neighbors
0,0,304.989,474.298,0,0,""
0,1,27.7028,28.1529,0,1,"7"
0,2,413.242,121.63,0,2,"14,15"
0,3,471.259,16.4473,0,2,"14,15"
0,4,208.676,395.056,0,1,"18"
0,5,135.123,499.877,0,0,""
0,6,86.7774,183.057,0,2,"10,12"
0,7,16.6783,105.546,0,1,"1"
0,8,476.283,213.776,0,1,"19"
0,9,17.0858,451.798,0,0,""
0,10,108.316,156.748,0,1,"6"
0,11,233.31,144.193,0,2,"13,17"
0,12,26.1862,216.058,0,1,"6"
0,13,221.007,239.461,0,2,"11,17"
0,14,485.444,89.5676,0,3,"2,3,15"
0,15,450.3,36.0836,0,3,"2,3,14"
0,16,207.676,25.0113,0,0,""
0,17,301.106,196.97,0,2,"11,13"
0,18,151.222,370.976,0,1,"4"
0,19,413.015,257.491,0,1,"8"
1,0,304.989,474.298,0,0,""
1,1,27.7028,28.1529,0,1,"7"
1,2,413.242,121.63,0,2,"14,15"
1,3,471.259,16.4473,0,2,"14,15"
1,4,208.676,395.056,0,1,"18"
1,5,135.123,499.877,0,0,""
1,6,86.7774,183.057,0,2,"10,12"
1,7,16.6783,105.546,0,1,"1"
1,8,476.283,213.776,0,1,"19"
1,9,17.0858,451.798,0,0,""
1,10,108.316,156.748,0,1,"6"
1,11,233.31,144.193,0,2,"13,17"
1,12,26.1862,216.058,0,1,"6"
1,13,221.007,239.461,0,2,"11,17"
1,14,485.444,89.5676,0,3,"2,3,15"
1,15,450.3,36.0836,0,3,"2,3,14"
1,16,207.676,25.0113,0,0,""
1,17,301.106,196.97,0,2,"11,13"
1,18,151.222,370.976,0,1,"4"
1,19,413.015,257.491,0,1,"8"
2,0,304.989,474.298,0,0,""
2,1,27.7028,28.1529,0,1,"7"
2,2,413.242,121.63,0,2,"14,15"
2,3,471.259,16.4473,0,2,"14,15"
2,4,208.676,395.056,0,1,"18"
2,5,135.123,499.877,0,0,""
2,6,86.7774,183.057,0,2,"10,12"
2,7,16.6783,105.546,0,1,"1"
2,8,476.283,213.776,0,1,"19"
2,9,17.0858,451.798,0,0,""
2,10,108.316,156.748,0,1,"6"
2,11,233.31,144.193,0,2,"13,17"
2,12,26.1862,216.058,0,1,"6"
2,13,221.007,239.461,0,2,"11,17"
2,14,485.444,89.5676,0,3,"2,3,15"
2,15,450.3,36.0836,0,3,"2,3,14"
2,16,207.676,25.0113,0,0,""
2,17,301.106,196.97,0,2,"11,13"
2,18,151.222,370.976,0,1,"4"
2,19,413.015,257.491,0,1,"8"
3,0,301.887,470.376,5,0,""
3,1,31.4549,31.4577,5,1,"7"
3,2,409.124,124.466,5,2,"14,15"
3,3,470.615,21.4057,5,2,"14,15"
3,4,211.182,390.729,5,1,"18"
3,5,135.723,494.913,5,0,""
3,6,90.6387,186.233,5,2,"10,12"
3,7,21.3002,107.454,5,1,"1"
3,8,472.335,216.845,5,1,"19"
3,9,20.7872,448.437,5,0,""
3,10,108.817,161.723,5,2,"6,12"
3,11,237.324,147.174,5,2,"13,17"
3,12,31.1347,216.774,5,2,"6,10"
3,13,225.744,237.858,5,2,"11,17"
3,14,480.477,90.1395,5,3,"2,3,15"
3,15,447.903,40.4717,5,3,"2,3,14"
3,16,205.724,29.6144,5,0,""
3,17,305.871,195.454,5,2,"11,13"
3,18,151.409,375.972,5,1,"4"
3,19,408.35,259.292,5,1,"8"
4,0,298.786,466.454,5,0,""
4,1,35.2071,34.7624,5,1,"7"
4,2,405.007,127.303,5,2,"14,15"
4,3,469.971,26.3641,5,2,"14,15"
4,4,213.688,386.402,5,1,"18"
4,5,136.323,489.949,5,0,""
4,6,94.4999,189.41,5,2,"10,12"
4,7,25.9222,109.361,5,1,"1"
4,8,468.388,219.914,5,1,"19"
4,9,24.4885,445.075,5,0,""
4,10,109.317,166.698,5,2,"6,12"
4,11,241.338,150.155,5,2,"13,17"
4,12,36.0832,217.49,5,2,"6,10"
4,13,230.48,236.256,5,2,"11,17"
4,14,475.51,90.7113,5,3,"2,3,15"
4,15,445.506,44.8597,5,3,"2,3,14"
4,16,203.772,34.2175,5,0,""
4,17,310.636,193.939,5,2,"11,13"
4,18,151.595,380.969,5,1,"4"
4,19,403.686,261.093,5,1,"8"
5,0,295.685,462.532,5,0,""
5,1,38.9592,38.0672,5,1,"7"
5,2,400.889,130.139,5,2,"14,15"
5,3,469.327,31.3225,5,2,"14,15"
5,4,216.194,382.076,5,1,"18"
5,5,136.924,484.985,5,0,""
5,6,98.3611,192.587,5,2,"10,12"
5,7,30.5441,111.268,5,2,"1,10"
5,8,464.44,222.983,5,1,"19"
5,9,28.1899,441.714,5,0,""
5,10,109.817,171.673,5,3,"6,7,12"
5,11,245.352,153.136,5,2,"13,17"
5,12,41.0317,218.206,5,2,"6,10"
5,13,235.216,234.653,5,2,"11,17"
5,14,470.543,91.2832,5,3,"2,3,15"
5,15,443.11,49.2478,5,3,"2,3,14"
5,16,201.819,38.8206,5,0,""
5,17,315.4,192.423,5,2,"11,13"
5,18,151.781,385.965,5,1,"4"
5,19,399.021,262.894,5,1,"8"
6,0,292.584,458.61,5,0,""
6,1,42.7114,41.3719,5,1,"7"
6,2,396.772,132.976,5,3,"14,15,17"
6,3,468.684,36.2809,5,2,"14,15"
6,4,218.7,377.749,5,1,"18"
6,5,137.524,480.021,5,1,"18"
6,6,102.222,195.763,5,2,"10,12"
6,7,35.166,113.176,5,2,"1,10"
6,8,460.493,226.051,5,1,"19"
6,9,31.8912,438.352,5,0,""
6,10,110.317,176.648,5,3,"6,7,12"
6,11,249.366,156.117,5,2,"13,17"
6,12,45.9802,218.922,5,2,"6,10"
6,13,239.952,233.051,5,2,"11,17"
6,14,465.575,91.855,5,3,"2,3,15"
6,15,440.713,53.6358,5,3,"2,3,14"
6,16,199.867,43.4237,5,0,""
6,17,320.165,190.907,5,3,"2,11,13"
6,18,151.967,390.962,5,2,"4,5"
6,19,394.357,264.694,5,1,"8"
7,0,289.483,454.688,5,0,""
7,1,46.4635,44.6767,5,1,"7"
7,2,392.654,135.813,5,3,"14,15,17"
7,3,468.04,41.2393,5,2,"14,15"
7,4,221.206,373.422,5,1,"18"
7,5,138.124,475.057,5,1,"18"
7,6,106.084,198.94,5,2,"10,12"
7,7,39.7879,115.083,5,2,"1,10"
7,8,456.545,229.12,5,1,"19"
7,9,35.5926,434.991,5,0,""
7,10,110.818,181.622,5,3,"6,7,12"
7,11,253.38,159.098,5,2,"13,17"
7,12,50.9287,219.637,5,2,"6,10"
7,13,244.689,231.448,5,2,"11,17"
7,14,460.608,92.4269,5,3,"2,3,15"
7,15,438.316,58.0239,5,3,"2,3,14"
7,16,197.915,48.0268,5,0,""
7,17,324.93,189.391,5,3,"2,11,13"
7,18,152.153,395.958,5,2,"4,5"
7,19,389.692,266.495,5,1,"8"
8,0,286.382,450.766,5,0,""
8,1,50.2157,47.9814,5,1,"7"
8,2,388.537,138.649,5,3,"14,15,17"
8,3,467.396,46.1977,5,2,"14,15"
8,4,223.712,369.095,5,1,"18"
8,5,138.724,470.094,5,1,"18"
8,6,109.945,202.116,5,2,"10,12"
8,7,44.4098,116.99,5,2,"1,10"
8,8,452.598,232.189,5,1,"19"
8,9,39.2939,431.629,5,0,""
8,10,111.318,186.597,5,3,"6,7,12"
8,11,257.395,162.08,5,2,"13,17"
8,12,55.8772,220.353,5,2,"6,10"
8,13,249.425,229.846,5,2,"11,17"
8,14,455.641,92.9987,5,3,"2,3,15"
8,15,435.919,62.4119,5,3,"2,3,14"
8,16,195.962,52.6299,5,0,""
8,17,329.694,187.876,5,4,"2,11,13,19"
8,18,152.34,400.955,5,2,"4,5"
8,19,385.028,268.296,5,2,"8,17"
9,0,283.28,446.844,5,1,"4"
9,1,53.9678,51.2862,5,1,"7"
9,2,384.419,141.486,5,3,"14,15,17"
9,3,466.753,51.1561,5,2,"14,15"
9,4,226.218,364.769,5,2,"0,18"
9,5,139.325,465.13,5,1,"18"
9,6,113.806,205.293,5,2,"10,12"
9,7,49.0317,118.898,5,2,"1,10"
9,8,448.65,235.257,5,1,"19"
9,9,42.9953,428.268,5,0,""
9,10,111.818,191.572,5,3,"6,7,12"
9,11,261.409,165.061,5,2,"13,17"
9,12,60.8257,221.069,5,2,"6,10"
9,13,254.161,228.243,5,2,"11,17"
9,14,450.674,93.5706,5,3,"2,3,15"
9,15,433.522,66.8,5,3,"2,3,14"
9,16,194.01,57.233,5,0,""
9,17,334.459,186.36,5,4,"2,11,13,19"
9,18,152.526,405.951,5,2,"4,5"
9,19,380.363,270.097,5,2,"8,17"
10,0,280.179,442.921,5,1,"4"
10,1,57.72,54.5909,5,1,"7"
10,2,380.302,144.323,5,3,"14,15,17"
10,3,466.109,56.1145,5,2,"14,15"
10,4,228.724,360.442,5,2,"0,18"
10,5,139.925,460.166,5,2,"9,18"
10,6,117.667,208.47,5,2,"10,12"
10,7,53.6536,120.805,5,2,"1,10"
10,8,444.703,238.326,5,1,"19"
10,9,46.6966,424.906,5,1,"5"
10,10,112.318,196.547,5,3,"6,7,12"
10,11,265.423,168.042,5,2,"13,17"
10,12,65.7741,221.785,5,2,"6,10"
10,13,258.897,226.641,5,2,"11,17"
10,14,445.707,94.1424,5,3,"2,3,15"
10,15,431.125,71.188,5,3,"2,3,14"
10,16,192.058,61.8361,5,0,""
10,17,339.224,184.844,5,4,"2,11,13,19"
10,18,152.712,410.948,5,2,"4,5"
10,19,375.699,271.897,5,2,"8,17"
11,0,277.078,438.999,5,1,"4"
11,1,61.4721,57.8957,5,1,"7"
11,2,376.185,147.159,5,3,"14,15,17"
11,3,465.465,61.0728,5,2,"14,15"
11,4,231.23,356.115,5,2,"0,18"
11,5,140.525,455.202,5,2,"9,18"
11,6,121.528,211.646,5,2,"10,12"
11,7,58.2755,122.712,5,2,"1,10"
11,8,440.755,241.395,5,1,"19"
11,9,50.398,421.544,5,1,"5"
11,10,112.819,201.522,5,3,"6,7,12"
11,11,269.437,171.023,5,2,"13,17"
11,12,70.7226,222.501,5,2,"6,10"
11,13,263.634,225.038,5,2,"11,17"
11,14,440.74,94.7143,5,3,"2,3,15"
11,15,428.728,75.5761,5,3,"2,3,14"
11,16,190.106,66.4392,5,0,""
11,17,343.989,183.328,5,4,"2,11,13,19"
11,18,152.898,415.945,5,2,"4,5"
11,19,371.034,273.698,5,2,"8,17"
12,0,273.977,435.077,5,1,"4"
12,1,65.2243,61.2005,5,1,"7"
12,2,372.067,149.996,5,3,"14,15,17"
12,3,464.822,66.0312,5,2,"14,15"
12,4,233.736,351.789,5,1,"0"
12,5,141.125,450.238,5,2,"9,18"
12,6,125.39,214.823,5,2,"10,12"
12,7,62.8974,124.62,5,3,"1,10,12"
12,8,436.808,244.463,5,1,"19"
12,9,54.0993,418.183,5,2,"5,18"
12,10,113.319,206.497,5,3,"6,7,12"
12,11,273.451,174.004,5,2,"13,17"
12,12,75.6711,223.217,5,3,"6,7,10"
12,13,268.37,223.436,5,2,"11,17"
12,14,435.772,95.2862,5,3,"2,3,15"
12,15,426.331,79.9641,5,3,"2,3,14"
12,16,188.153,71.0423,5,0,""
12,17,348.753,181.813,5,4,"2,11,13,19"
12,18,153.084,420.941,5,2,"5,9"
12,19,366.37,275.499,5,2,"8,17"
13,0,270.876,431.155,5,1,"4"
13,1,68.9764,64.5052,5,1,"7"
13,2,367.95,152.833,5,4,"11,14,15,17"
13,3,464.178,70.9896,5,2,"14,15"
13,4,236.242,347.462,5,1,"0"
13,5,141.726,445.274,5,2,"9,18"
13,6,129.251,218,5,2,"10,12"
13,7,67.5193,126.527,5,3,"1,10,12"
13,8,432.86,247.532,5,1,"19"
13,9,57.8006,414.821,5,2,"5,18"
13,10,113.819,211.472,5,3,"6,7,12"
13,11,277.465,176.985,5,3,"2,13,17"
13,12,80.6196,223.933,5,3,"6,7,10"
13,13,273.106,221.833,5,2,"11,17"
13,14,430.805,95.858,5,3,"2,3,15"
13,15,423.935,84.3522,5,3,"2,3,14"
13,16,186.201,75.6454,5,0,""
13,17,353.518,180.297,5,4,"2,11,13,19"
13,18,153.094,421.191,0,2,"5,9"
13,19,361.705,277.3,5,2,"8,17"
14,0,267.774,427.233,5,1,"4"
14,1,72.7285,67.81,5,1,"7"
14,2,363.832,155.669,5,4,"11,14,15,17"
14,3,463.534,75.948,5,2,"14,15"
14,4,238.748,343.135,5,1,"0"
14,5,142.326,440.311,5,2,"9,18"
14,6,133.112,221.176,5,2,"10,12"
14,7,72.1412,128.434,5,3,"1,10,12"
14,8,428.912,250.601,5,1,"19"
14,9,61.502,411.46,5,2,"5,18"
14,10,114.319,216.447,5,3,"6,7,12"
14,11,281.479,179.967,5,3,"2,13,17"
14,12,85.5681,224.649,5,3,"6,7,10"
14,13,277.842,220.231,5,3,"11,17,19"
14,14,425.838,96.4299,5,3,"2,3,15"
14,15,421.538,88.7402,5,3,"2,3,14"
14,16,184.249,80.2485,5,0,""
14,17,358.283,178.781,5,3,"2,11,13"
14,18,153.094,421.191,0,2,"5,9"
14,19,357.041,279.1,5,2,"8,13"
15,0,264.673,423.311,5,1,"4"
15,1,76.4807,71.1147,5,1,"7"
15,2,359.715,158.506,5,5,"11,13,14,15,17"
15,3,462.891,80.9064,5,2,"14,15"
15,4,241.254,338.809,5,1,"0"
15,5,142.926,435.347,5,2,"9,18"
15,6,136.973,224.353,5,2,"10,12"
15,7,76.7631,130.342,5,3,"1,10,12"
15,8,424.965,253.67,5,2,"17,19"
15,9,65.2033,408.098,5,2,"5,18"
15,10,114.82,221.422,5,3,"6,7,12"
15,11,285.493,182.948,5,3,"2,13,17"
15,12,90.5166,225.364,5,3,"6,7,10"
15,13,282.579,218.628,5,4,"2,11,17,19"
15,14,420.871,97.0017,5,4,"2,3,15,17"
15,15,419.141,93.1283,5,3,"2,3,14"
15,16,182.296,84.8516,5,0,""
15,17,363.048,177.266,5,5,"2,8,11,13,14"
15,18,151.375,416.763,5,2,"5,9"
15,19,352.377,280.901,5,2,"8,13"
16,0,261.572,419.389,5,1,"4"
16,1,80.2328,74.4195,5,1,"7"
16,2,355.597,161.342,5,5,"11,13,14,15,17"
16,3,462.247,85.8648,5,2,"14,15"
16,4,243.76,334.482,5,1,"0"
16,5,143.526,430.383,5,2,"9,18"
16,6,140.835,227.529,5,2,"10,12"
16,7,81.385,132.249,5,2,"1,12"
16,8,421.017,256.738,5,2,"17,19"
16,9,68.9047,404.737,5,2,"5,18"
16,10,115.32,226.397,5,2,"6,12"
16,11,289.507,185.929,5,3,"2,13,17"
16,12,95.4651,226.08,5,3,"6,7,10"
16,13,287.315,217.026,5,4,"2,11,17,19"
16,14,415.904,97.5736,5,4,"2,3,15,17"
16,15,416.744,97.5163,5,4,"2,3,14,17"
16,16,180.344,89.4547,5,0,""
16,17,367.812,175.75,5,6,"2,8,11,13,14,15"
16,18,149.566,412.102,5,2,"5,9"
16,19,347.712,282.702,5,2,"8,13"
17,0,258.471,415.467,5,1,"4"
17,1,83.985,77.7242,5,2,"7,16"
17,2,351.48,164.179,5,5,"11,13,14,15,17"
17,3,461.603,90.8232,5,2,"14,15"
17,4,246.266,330.155,5,1,"0"
17,5,144.127,425.419,5,2,"9,18"
17,6,144.696,230.706,5,2,"10,12"
17,7,86.007,134.156,5,2,"1,12"
17,8,417.07,259.807,5,2,"17,19"
17,9,72.606,401.375,5,2,"5,18"
17,10,115.82,231.372,5,2,"6,12"
17,11,293.521,188.91,5,3,"2,13,17"
17,12,100.414,226.796,5,3,"6,7,10"
17,13,292.051,215.423,5,4,"2,11,17,19"
17,14,410.936,98.1454,5,4,"2,3,15,17"
17,15,414.347,101.904,5,4,"2,3,14,17"
17,16,178.392,94.0578,5,1,"1"
17,17,372.577,174.234,5,6,"2,8,11,13,14,15"
17,18,147.757,407.44,5,2,"5,9"
17,19,343.048,284.503,5,2,"8,13"
18,0,255.37,411.545,5,1,"4"
18,1,87.7371,81.029,5,2,"7,16"
18,2,347.362,167.016,5,5,"11,13,14,15,17"
18,3,460.96,95.7816,5,2,"14,15"
18,4,248.772,325.829,5,2,"0,19"
18,5,144.727,420.455,5,2,"9,18"
18,6,148.557,233.883,5,2,"10,12"
18,7,90.6289,136.064,5,3,"1,12,16"
18,8,413.122,262.876,5,2,"17,19"
18,9,76.3074,398.014,5,2,"5,18"
18,10,116.32,236.346,5,2,"6,12"
18,11,297.535,191.891,5,3,"2,13,17"
18,12,105.362,227.512,5,3,"6,7,10"
18,13,296.787,213.821,5,4,"2,11,17,19"
18,14,405.969,98.7173,5,4,"2,3,15,17"
18,15,411.95,106.292,5,4,"2,3,14,17"
18,16,176.439,98.6608,5,2,"1,7"
18,17,377.342,172.718,5,6,"2,8,11,13,14,15"
18,18,145.947,402.779,5,2,"5,9"
18,19,338.383,286.303,5,3,"4,8,13"
19,0,252.269,407.623,5,1,"4"
19,1,91.4893,84.3337,5,2,"7,16"
19,2,343.245,169.852,5,5,"11,13,14,15,17"
19,3,460.316,100.74,5,2,"14,15"
19,4,251.278,321.502,5,2,"0,19"
19,5,145.327,415.491,5,2,"9,18"
19,6,152.418,237.059,5,2,"10,12"
19,7,95.2508,137.971,5,3,"1,12,16"
19,8,409.175,265.944,5,2,"17,19"
19,9,80.0087,394.652,5,2,"5,18"
19,10,116.821,241.321,5,2,"6,12"
19,11,301.549,194.872,5,4,"2,13,17,19"
19,12,110.311,228.228,5,3,"6,7,10"
19,13,301.524,212.218,5,4,"2,11,17,19"
19,14,401.002,99.2891,5,4,"2,3,15,17"
19,15,409.553,110.68,5,4,"2,3,14,17"
19,16,174.487,103.264,5,2,"1,7"
19,17,382.106,171.203,5,6,"2,8,11,13,14,15"
19,18,144.138,398.118,5,2,"5,9"
19,19,333.719,288.104,5,4,"4,8,11,13"
20,0,249.167,403.701,5,1,"4"
20,1,95.2414,87.6385,5,2,"7,16"
20,2,339.127,172.689,5,5,"11,13,14,15,17"
20,3,459.672,105.698,5,3,"14,15,17"
20,4,253.783,317.175,5,2,"0,19"
20,5,145.927,410.528,5,2,"9,18"
20,6,156.28,240.236,5,2,"10,12"
20,7,99.8727,139.878,5,3,"1,12,16"
20,8,405.227,269.013,5,1,"19"
20,9,83.7101,391.291,5,2,"5,18"
20,10,117.321,246.296,5,2,"6,12"
20,11,305.563,197.854,5,4,"2,13,17,19"
20,12,115.259,228.944,5,3,"6,7,10"
20,13,306.26,210.616,5,4,"2,11,17,19"
20,14,396.035,99.861,5,4,"2,3,15,17"
20,15,407.156,115.069,5,4,"2,3,14,17"
20,16,172.535,107.867,5,2,"1,7"
20,17,386.871,169.687,5,6,"2,3,11,13,14,15"
20,18,142.329,393.457,5,2,"5,9"
20,19,329.054,289.905,5,4,"4,8,11,13"
21,0,246.066,399.779,5,2,"4,5"
21,1,98.9936,90.9432,5,2,"7,16"
21,2,335.01,175.526,5,5,"11,13,14,15,17"
21,3,459.029,110.657,5,3,"14,15,17"
21,4,256.289,312.849,5,2,"0,19"
21,5,146.527,405.564,5,3,"0,9,18"
21,6,160.141,243.413,5,2,"10,12"
21,7,104.495,141.786,5,3,"1,12,16"
21,8,401.28,272.082,5,1,"19"
21,9,87.4114,387.929,5,2,"5,18"
21,10,117.821,251.271,5,2,"6,12"
21,11,309.577,200.835,5,4,"2,13,17,19"
21,12,120.208,229.66,5,3,"6,7,10"
21,13,310.996,209.013,5,4,"2,11,17,19"
21,14,391.068,100.433,5,4,"2,3,15,17"
21,15,404.76,119.457,5,4,"2,3,14,17"
21,16,170.582,112.47,5,2,"1,7"
21,17,391.636,168.171,5,6,"2,3,11,13,14,15"
21,18,140.52,388.796,5,2,"5,9"
21,19,324.39,291.706,5,4,"4,8,11,13"
22,0,242.965,395.857,5,2,"4,5"
22,1,102.746,94.248,5,2,"7,16"
22,2,330.892,178.362,5,5,"11,13,14,15,17"
22,3,458.385,115.615,5,3,"14,15,17"
22,4,258.795,308.522,5,2,"0,19"
22,5,147.128,400.6,5,3,"0,9,18"
22,6,160.741,243.906,0,2,"10,12"
22,7,109.116,143.693,5,3,"1,12,16"
22,8,397.332,275.151,5,1,"19"
22,9,91.1128,384.567,5,2,"5,18"
22,10,118.321,256.246,5,2,"6,12"
22,11,313.591,203.816,5,4,"2,13,17,19"
22,12,125.156,230.375,5,3,"6,7,10"
22,13,315.732,207.411,5,4,"2,11,17,19"
22,14,386.1,101.005,5,4,"2,3,15,17"
22,15,402.363,123.845,5,4,"2,3,14,17"
22,16,168.63,117.073,5,2,"1,7"
22,17,396.401,166.655,5,6,"2,3,11,13,14,15"
22,18,138.711,384.135,5,2,"5,9"
22,19,319.725,293.506,5,4,"4,8,11,13"
23,0,239.864,391.934,5,2,"4,5"
23,1,106.498,97.5527,5,2,"7,16"
23,2,326.775,181.199,5,5,"11,13,14,15,17"
23,3,457.741,120.574,5,3,"14,15,17"
23,4,261.301,304.195,5,2,"0,19"
23,5,147.728,395.636,5,3,"0,9,18"
23,6,160.741,243.906,0,2,"10,12"
23,7,113.738,145.6,5,3,"1,12,16"
23,8,393.385,278.219,5,1,"19"
23,9,94.8141,381.206,5,2,"5,18"
23,10,118.821,261.221,5,2,"6,12"
23,11,317.605,206.797,5,4,"2,13,17,19"
23,12,130.104,231.091,5,3,"6,7,10"
23,13,320.469,205.808,5,4,"2,11,17,19"
23,14,381.133,101.577,5,4,"2,3,15,17"
23,15,399.966,128.233,5,4,"2,3,14,17"
23,16,166.678,121.676,5,2,"1,7"
23,17,401.165,165.14,5,6,"2,3,11,13,14,15"
23,18,136.901,379.473,5,2,"5,9"
23,19,315.061,295.307,5,4,"4,8,11,13"
24,0,236.763,388.012,5,2,"4,5"
24,1,110.25,100.857,5,2,"7,16"
24,2,322.658,184.036,5,5,"11,13,14,15,17"
24,3,457.098,125.532,5,3,"14,15,17"
24,4,263.807,299.868,5,2,"0,19"
24,5,148.328,390.672,5,3,"0,9,18"
24,6,164.788,245.112,5,2,"10,12"
24,7,118.36,147.508,5,3,"1,12,16"
24,8,389.437,281.288,5,2,"11,19"
24,9,98.5155,377.844,5,2,"5,18"
24,10,119.322,266.196,5,2,"6,12"
24,11,321.619,209.778,5,5,"2,8,13,17,19"
24,12,135.053,231.807,5,3,"6,7,10"
24,13,325.205,204.206,5,4,"2,11,17,19"
24,14,376.166,102.148,5,4,"2,3,15,17"
24,15,397.569,132.621,5,4,"2,3,14,17"
24,16,164.726,126.279,5,2,"1,7"
24,17,405.93,163.624,5,6,"2,3,11,13,14,15"
24,18,135.092,374.812,5,2,"5,9"
24,19,310.396,297.108,5,4,"4,8,11,13"
25,0,233.662,384.09,5,2,"4,5"
25,1,114.002,104.162,5,2,"7,16"
25,2,318.54,186.872,5,5,"11,13,14,15,17"
25,3,456.454,130.49,5,3,"14,15,17"
25,4,266.313,295.542,5,2,"0,19"
25,5,148.928,385.708,5,3,"0,9,18"
25,6,169.58,246.539,5,2,"10,12"
25,7,122.982,149.415,5,3,"1,12,16"
25,8,385.49,284.357,5,3,"11,13,19"
25,9,102.217,374.483,5,2,"5,18"
25,10,119.822,271.171,5,3,"6,12,18"
25,11,325.633,212.759,5,5,"2,8,13,17,19"
25,12,140.001,232.523,5,3,"6,7,10"
25,13,329.941,202.603,5,6,"2,8,11,15,17,19"
25,14,371.199,102.72,5,4,"2,3,15,17"
25,15,395.172,137.009,5,5,"2,3,13,14,17"
25,16,162.773,130.883,5,2,"1,7"
25,17,410.695,162.108,5,6,"2,3,11,13,14,15"
25,18,133.283,370.151,5,3,"5,9,10"
25,19,305.732,298.909,5,4,"4,8,11,13"
26,0,230.56,380.168,5,2,"4,5"
26,1,117.754,107.467,5,2,"7,16"
26,2,314.423,189.709,5,3,"11,13,15"
26,3,455.81,135.449,5,3,"14,15,17"
26,4,268.819,291.215,5,3,"0,11,19"
26,5,149.529,380.745,5,3,"0,9,18"
26,6,174.372,247.966,5,2,"10,12"
26,7,127.604,151.323,5,3,"1,12,16"
26,8,381.542,287.425,5,3,"11,13,19"
26,9,105.918,371.121,5,3,"5,10,18"
26,10,120.322,276.146,5,4,"6,9,12,18"
26,11,329.648,215.741,5,6,"2,4,8,13,15,19"
26,12,144.95,233.239,5,4,"6,7,10,16"
26,13,334.677,201.001,5,5,"2,8,11,15,17"
26,14,366.232,103.292,5,3,"3,15,17"
26,15,392.775,141.397,5,6,"2,3,11,13,14,17"
26,16,160.821,135.486,5,3,"1,7,12"
26,17,415.459,160.593,5,4,"3,13,14,15"
26,18,131.474,365.49,5,3,"5,9,10"
26,19,301.067,300.709,5,3,"4,8,11"
27,0,227.459,376.246,5,3,"4,5,18"
27,1,121.506,110.772,5,2,"7,16"
27,2,310.305,192.545,5,3,"11,13,15"
27,3,455.167,140.407,5,2,"15,17"
27,4,271.325,286.888,5,4,"0,6,11,19"
27,5,150.129,375.781,5,4,"0,9,10,18"
27,6,179.164,249.394,5,3,"4,10,12"
27,7,132.226,153.23,5,3,"1,12,16"
27,8,377.595,290.494,5,3,"11,13,19"
27,9,109.62,367.76,5,3,"5,10,18"
27,10,120.822,281.121,5,5,"5,6,9,12,18"
27,11,333.662,218.722,5,6,"2,4,8,13,15,19"
27,12,149.898,233.955,5,4,"6,7,10,16"
27,13,339.414,199.398,5,6,"2,8,11,14,15,17"
27,14,361.264,103.864,5,3,"13,15,17"
27,15,390.378,145.785,5,6,"2,3,11,13,14,17"
27,16,158.869,140.089,5,3,"1,7,12"
27,17,420.224,159.077,5,4,"3,13,14,15"
27,18,129.664,360.829,5,4,"0,5,9,10"
27,19,296.403,302.51,5,3,"4,8,11"
28,0,224.358,372.324,5,3,"5,18,19"
28,1,125.259,114.077,5,2,"7,16"
28,2,306.188,195.382,5,4,"4,11,13,15"
28,3,454.523,145.366,5,2,"15,17"
28,4,273.831,282.562,5,4,"2,6,11,19"
28,5,150.729,370.817,5,4,"0,9,10,18"
28,6,183.956,250.821,5,3,"4,10,12"
28,7,136.848,155.137,5,3,"1,12,16"
28,8,373.647,293.563,5,2,"11,19"
28,9,113.321,364.398,5,3,"5,10,18"
28,10,121.323,286.096,5,5,"5,6,9,12,18"
28,11,337.676,221.703,5,6,"2,4,8,13,15,19"
28,12,154.847,234.671,5,4,"6,7,10,16"
28,13,344.15,197.796,5,5,"2,11,14,15,17"
28,14,356.297,104.436,5,3,"13,15,17"
28,15,387.981,150.173,5,6,"2,3,11,13,14,17"
28,16,156.916,144.692,5,3,"1,7,12"
28,17,424.989,157.561,5,4,"3,13,14,15"
28,18,127.855,356.167,5,4,"0,5,9,10"
28,19,291.738,304.311,5,4,"0,4,8,11"
29,0,221.257,368.402,5,3,"5,18,19"
29,1,129.011,117.381,5,2,"7,16"
29,2,302.07,198.219,5,4,"4,11,13,15"
29,3,453.879,150.324,5,2,"15,17"
29,4,276.337,278.235,5,5,"2,6,8,11,19"
29,5,151.329,365.853,5,4,"0,9,10,18"
29,6,188.748,252.248,5,3,"4,10,12"
29,7,141.47,157.045,5,3,"1,12,16"
29,8,369.699,296.632,5,3,"4,11,19"
29,9,117.022,361.037,5,3,"5,10,18"
29,10,121.823,291.071,5,5,"5,6,9,12,18"
29,11,341.69,224.684,5,6,"2,4,8,13,15,19"
29,12,159.795,235.387,5,4,"6,7,10,16"
29,13,348.886,196.193,5,5,"2,11,14,15,17"
29,14,351.33,105.008,5,3,"13,15,17"
29,15,385.585,154.561,5,6,"2,3,11,13,14,17"
29,16,154.964,149.295,5,3,"1,7,12"
29,17,429.754,156.045,5,4,"3,13,14,15"
29,18,126.046,351.506,5,4,"0,5,9,10"
29,19,287.074,306.112,5,4,"0,4,8,11"
30,0,218.156,364.48,5,4,"5,9,18,19"
30,1,132.763,120.686,5,2,"7,16"
30,2,297.953,201.055,5,4,"4,11,13,15"
30,3,453.236,155.282,5,2,"15,17"
30,4,278.843,273.908,5,5,"2,6,8,11,19"
30,5,151.93,360.889,5,4,"0,9,10,18"
30,6,193.54,253.676,5,3,"4,10,12"
30,7,146.092,158.952,5,3,"1,12,16"
30,8,365.752,299.7,5,3,"4,11,19"
30,9,120.724,357.675,5,4,"0,5,10,18"
30,10,122.323,296.045,5,5,"5,6,9,12,18"
30,11,345.704,227.665,5,5,"2,4,8,13,15"
30,12,164.744,236.102,5,4,"6,7,10,16"
30,13,353.622,194.591,5,5,"2,11,14,15,17"
30,14,346.363,105.579,5,2,"13,15"
30,15,383.188,158.949,5,6,"2,3,11,13,14,17"
30,16,153.012,153.898,5,3,"1,7,12"
30,17,434.518,154.53,5,3,"3,13,15"
30,18,124.237,346.845,5,4,"0,5,9,10"
30,19,282.409,307.912,5,3,"0,4,8"
31,0,215.055,360.558,5,4,"5,9,18,19"
31,1,136.515,123.991,5,2,"7,16"
31,2,293.835,203.892,5,4,"4,11,13,15"
31,3,452.592,160.241,5,3,"13,15,17"
31,4,281.349,269.582,5,5,"2,6,8,11,19"
31,5,152.53,355.925,5,4,"0,9,10,18"
31,6,198.332,255.103,5,4,"4,10,12,19"
31,7,150.714,160.859,5,3,"1,12,16"
31,8,361.804,302.769,5,3,"4,11,19"
31,9,124.425,354.313,5,4,"0,5,10,18"
31,10,122.823,301.02,5,5,"5,6,9,12,18"
31,11,349.718,230.646,5,5,"2,4,8,13,15"
31,12,169.692,236.818,5,4,"6,7,10,16"
31,13,358.359,192.988,5,6,"2,3,11,14,15,17"
31,14,341.396,106.151,5,2,"13,15"
31,15,380.791,163.337,5,6,"2,3,11,13,14,17"
31,16,151.059,158.501,5,3,"1,7,12"
31,17,439.283,153.014,5,3,"3,13,15"
31,18,122.428,342.184,5,4,"0,5,9,10"
31,19,277.745,309.713,5,4,"0,4,6,8"
32,0,211.953,356.636,5,4,"5,9,18,19"
32,1,140.267,127.296,5,2,"7,16"
32,2,289.718,206.729,5,5,"4,6,11,13,15"
32,3,451.948,165.199,5,3,"13,15,17"
32,4,283.855,265.255,5,5,"2,6,8,11,19"
32,5,153.13,350.961,5,4,"0,9,10,18"
32,6,203.124,256.53,5,5,"2,4,10,12,19"
32,7,155.336,162.767,5,3,"1,12,16"
32,8,357.857,305.838,5,3,"4,11,19"
32,9,128.126,350.952,5,4,"0,5,10,18"
32,10,123.324,305.995,5,5,"5,6,9,12,18"
32,11,353.732,233.628,5,5,"2,4,8,13,15"
32,12,174.641,237.534,5,4,"6,7,10,16"
32,13,363.095,191.386,5,6,"2,3,11,14,15,17"
32,14,336.429,106.723,5,2,"13,15"
32,15,378.394,167.725,5,6,"2,3,11,13,14,17"
32,16,149.107,163.104,5,3,"1,7,12"
32,17,444.048,151.498,5,3,"3,13,15"
32,18,120.618,337.523,5,4,"0,5,9,10"
32,19,273.08,311.514,5,4,"0,4,6,8"
33,0,208.852,352.714,5,6,"5,6,9,10,18,19"
33,1,144.019,130.6,5,2,"7,16"
33,2,285.6,209.565,5,5,"4,6,11,13,15"
33,3,451.305,170.158,5,3,"13,15,17"
33,4,286.361,260.928,5,5,"2,6,8,11,19"
33,5,153.73,345.998,5,4,"0,9,10,18"
33,6,207.916,257.958,5,6,"0,2,4,10,12,19"
33,7,159.957,164.674,5,3,"1,12,16"
33,8,353.909,308.906,5,3,"4,11,19"
33,9,131.828,347.59,5,4,"0,5,10,18"
33,10,123.824,310.97,5,6,"0,5,6,9,12,18"
33,11,357.746,236.609,5,5,"2,4,8,13,15"
33,12,179.589,238.25,5,4,"6,7,10,16"
33,13,367.831,189.783,5,6,"2,3,11,14,15,17"
33,14,331.461,107.295,5,2,"13,15"
33,15,375.997,172.113,5,6,"2,3,11,13,14,17"
33,16,147.155,167.707,5,3,"1,7,12"
33,17,448.812,149.982,5,3,"3,13,15"
33,18,118.809,332.861,5,4,"0,5,9,10"
33,19,268.416,313.315,5,4,"0,4,6,8"
34,0,205.751,348.792,5,6,"5,6,9,10,18,19"
34,1,147.771,133.905,5,2,"7,16"
34,2,281.483,212.402,5,5,"4,6,11,13,15"
34,3,450.661,175.116,5,3,"13,15,17"
34,4,288.867,256.602,5,5,"2,6,8,11,19"
34,5,154.331,341.034,5,4,"0,9,10,18"
34,6,212.707,259.385,5,5,"0,2,4,12,19"
34,7,164.579,166.581,5,3,"1,12,16"
34,8,349.962,311.975,5,3,"4,11,19"
34,9,135.529,344.229,5,4,"0,5,10,18"
34,10,124.324,315.945,5,5,"0,5,9,12,18"
34,11,361.76,239.59,5,5,"2,4,8,13,15"
34,12,184.538,238.966,5,4,"6,7,10,16"
34,13,372.567,188.181,5,6,"2,3,11,14,15,17"
34,14,326.494,107.867,5,2,"13,15"
34,15,373.6,176.501,5,6,"2,3,11,13,14,17"
34,16,145.202,172.31,5,3,"1,7,12"
34,17,453.577,148.467,5,3,"3,13,15"
34,18,117,328.2,5,4,"0,5,9,10"
34,19,263.752,315.115,5,4,"0,4,6,8"
35,0,202.65,344.869,5,6,"5,6,9,10,18,19"
35,1,151.524,137.21,5,2,"7,16"
35,2,277.365,215.239,5,5,"4,6,11,12,15"
35,3,450.017,180.074,5,3,"13,15,17"
35,4,291.373,252.275,5,5,"2,6,8,11,19"
35,5,154.931,336.07,5,5,"0,6,9,10,18"
35,6,217.499,260.813,5,6,"0,2,4,5,12,19"
35,7,169.201,168.489,5,3,"1,12,16"
35,8,346.014,315.044,5,3,"4,11,19"
35,9,139.23,340.867,5,4,"0,5,10,18"
35,10,124.824,320.92,5,4,"0,5,9,18"
35,11,365.774,242.571,5,5,"2,4,8,13,15"
35,12,189.486,239.682,5,4,"2,6,7,16"
35,13,377.304,186.578,5,5,"3,11,14,15,17"
35,14,321.527,108.439,5,2,"13,15"
35,15,371.203,180.889,5,6,"2,3,11,13,14,17"
35,16,143.25,176.913,5,3,"1,7,12"
35,17,458.342,146.951,5,3,"3,13,15"
35,18,115.191,323.539,5,4,"0,5,9,10"
35,19,259.087,316.916,5,4,"0,4,6,8"
36,0,199.549,340.947,5,6,"5,6,9,10,18,19"
36,1,155.276,140.515,5,2,"7,16"
36,2,273.248,218.075,5,3,"4,6,12"
36,3,449.373,185.033,5,4,"11,13,15,17"
36,4,293.879,247.948,5,7,"2,6,8,11,12,15,19"
36,5,155.531,331.106,5,7,"0,6,9,10,12,18,19"
36,6,222.291,262.24,5,6,"0,2,4,5,12,19"
36,7,173.823,170.396,5,3,"1,12,16"
36,8,342.067,318.112,5,3,"4,11,19"
36,9,142.932,337.506,5,4,"0,5,10,18"
36,10,125.325,325.895,5,4,"0,5,9,18"
36,11,369.788,245.552,5,5,"3,4,8,13,15"
36,12,194.435,240.398,5,7,"2,4,5,6,7,16,19"
36,13,382.04,184.976,5,4,"3,11,15,17"
36,14,316.56,109.011,5,1,"15"
36,15,368.806,185.277,5,5,"3,4,11,13,14"
36,16,141.298,181.517,5,3,"1,7,12"
36,17,463.107,145.435,5,2,"3,13"
36,18,113.382,318.878,5,4,"0,5,9,10"
36,19,254.423,318.717,5,6,"0,4,5,6,8,12"
37,0,196.448,337.025,5,7,"5,6,9,10,12,18,19"
37,1,159.028,143.819,5,2,"7,16"
37,2,269.131,220.912,5,3,"4,6,12"
37,3,448.73,189.991,5,4,"11,13,15,17"
37,4,296.385,243.622,5,7,"2,6,8,11,12,15,19"
37,5,156.131,326.142,5,7,"0,6,9,10,12,18,19"
37,6,227.083,263.667,5,6,"0,2,4,5,12,19"
37,7,178.445,172.303,5,3,"1,12,16"
37,8,338.119,321.181,5,3,"4,11,19"
37,9,146.633,334.144,5,4,"0,5,10,18"
37,10,125.825,330.87,5,4,"0,5,9,18"
37,11,373.802,248.533,5,5,"3,4,8,13,15"
37,12,199.383,241.113,5,8,"0,2,4,5,6,7,16,19"
37,13,386.776,183.373,5,4,"3,11,15,17"
37,14,311.593,109.582,5,1,"15"
37,15,366.41,189.665,5,5,"3,4,11,13,14"
37,16,139.346,186.12,5,3,"1,7,12"
37,17,467.871,143.919,5,2,"3,13"
37,18,111.572,314.217,5,4,"0,5,9,10"
37,19,249.758,320.518,5,6,"0,4,5,6,8,12"
38,0,193.346,333.103,5,7,"5,6,9,10,12,18,19"
38,1,162.78,147.124,5,2,"7,16"
38,2,265.013,223.749,5,4,"4,6,7,12"
38,3,448.086,194.95,5,4,"11,13,15,17"
38,4,298.891,239.295,5,7,"2,6,8,11,12,15,19"
38,5,156.732,321.178,5,7,"0,6,9,10,12,18,19"
38,6,231.875,265.095,5,6,"0,2,4,5,12,19"
38,7,183.067,174.211,5,4,"1,2,12,16"
38,8,334.172,324.25,5,3,"4,11,19"
38,9,150.334,330.783,5,5,"0,5,10,18,19"
38,10,126.325,335.845,5,4,"0,5,9,18"
38,11,377.816,251.515,5,5,"3,4,8,13,15"
38,12,204.332,241.829,5,8,"0,2,4,5,6,7,16,19"
38,13,391.512,181.771,5,4,"3,11,15,17"
38,14,306.625,110.154,5,0,""
38,15,364.013,194.053,5,4,"3,4,11,13"
38,16,137.393,190.723,5,3,"1,7,12"
38,17,469.874,143.282,0,2,"3,13"
38,18,109.763,309.555,5,4,"0,5,9,10"
38,19,245.094,322.318,5,7,"0,4,5,6,8,9,12"
39,0,190.245,329.181,5,7,"5,6,9,10,12,18,19"
39,1,166.532,150.429,5,2,"7,16"
39,2,260.896,226.585,5,5,"4,6,7,12,19"
39,3,447.442,199.908,5,4,"11,13,15,17"
39,4,301.396,234.968,5,6,"2,6,8,11,12,15"
39,5,157.332,316.215,5,7,"0,6,9,10,12,18,19"
39,6,236.667,266.522,5,6,"0,2,4,5,12,19"
39,7,187.689,176.118,5,4,"1,2,12,16"
39,8,330.224,327.319,5,3,"4,11,19"
39,9,154.036,327.421,5,5,"0,5,10,18,19"
39,10,126.825,340.82,5,4,"0,5,9,18"
39,11,381.83,254.496,5,5,"3,4,8,13,15"
39,12,209.28,242.545,5,8,"0,2,4,5,6,7,16,19"
39,13,396.249,180.168,5,4,"3,11,15,17"
39,14,301.658,110.726,5,0,""
39,15,361.616,198.441,5,4,"3,4,11,13"
39,16,135.441,195.326,5,3,"1,7,12"
39,17,469.874,143.282,0,2,"3,13"
39,18,107.954,304.894,5,4,"0,5,9,10"
39,19,240.429,324.119,5,7,"0,2,5,6,8,9,12"
40,0,187.144,325.259,5,7,"5,6,9,10,12,18,19"
40,1,170.284,153.734,5,3,"7,12,16"
40,2,256.778,229.422,5,5,"4,6,7,12,19"
40,3,446.799,204.866,5,4,"11,13,15,17"
40,4,303.902,230.641,5,5,"2,6,11,12,15"
40,5,157.932,311.251,5,7,"0,6,9,10,12,18,19"
40,6,241.459,267.949,5,6,"0,2,4,5,12,19"
40,7,192.311,178.025,5,4,"1,2,12,16"
40,8,326.277,330.387,5,2,"11,19"
40,9,157.737,324.06,5,6,"0,5,10,12,18,19"
40,10,127.326,345.795,5,4,"0,5,9,18"
40,11,385.844,257.477,5,5,"3,4,8,13,15"
40,12,214.229,243.261,5,10,"0,1,2,4,5,6,7,9,16,19"
40,13,400.985,178.566,5,4,"3,11,15,17"
40,14,296.691,111.298,5,0,""
40,15,359.219,202.829,5,4,"3,4,11,13"
40,16,133.489,199.929,5,3,"1,7,12"
40,17,466.988,143.542,5,2,"3,13"
40,18,106.145,300.233,5,4,"0,5,9,10"
40,19,235.765,325.92,5,7,"0,2,5,6,8,9,12"
41,0,184.043,321.337,5,7,"5,6,9,10,12,18,19"
41,1,174.037,157.038,5,3,"7,12,16"
41,2,252.661,232.258,5,5,"4,6,7,12,19"
41,3,446.155,209.825,5,4,"11,13,15,17"
41,4,306.408,226.315,5,5,"2,6,11,12,15"
41,5,158.532,306.287,5,7,"0,6,9,10,12,18,19"
41,6,246.251,269.377,5,8,"0,2,4,5,8,9,12,19"
41,7,196.933,179.933,5,4,"1,2,12,16"
41,8,322.329,333.456,5,3,"6,11,19"
41,9,161.438,320.698,5,7,"0,5,6,10,12,18,19"
41,10,127.826,350.769,5,4,"0,5,9,18"
41,11,389.858,260.458,5,5,"3,4,8,13,15"
41,12,219.177,243.977,5,10,"0,1,2,4,5,6,7,9,16,19"
41,13,405.721,176.963,5,4,"3,11,15,17"
41,14,291.724,111.87,5,0,""
41,15,356.822,207.218,5,4,"3,4,11,13"
41,16,131.536,204.532,5,4,"1,7,12,18"
41,17,462.008,143.991,5,2,"3,13"
41,18,104.336,295.572,5,5,"0,5,9,10,16"
41,19,231.1,327.721,5,7,"0,2,5,6,8,9,12"
42,0,180.942,317.415,5,7,"5,6,9,10,12,18,19"
42,1,177.789,160.343,5,3,"7,12,16"
42,2,248.543,235.095,5,5,"4,6,7,12,19"
42,3,445.511,214.783,5,4,"11,13,15,17"
42,4,308.914,221.988,5,5,"2,6,11,12,15"
42,5,159.133,301.323,5,8,"0,6,9,10,12,16,18,19"
42,6,251.043,270.804,5,8,"0,2,4,5,8,9,12,19"
42,7,201.555,181.84,5,4,"1,2,12,16"
42,8,318.382,336.525,5,2,"6,19"
42,9,165.14,317.336,5,7,"0,5,6,10,12,18,19"
42,10,128.326,355.744,5,4,"0,5,9,18"
42,11,393.872,263.439,5,4,"3,4,13,15"
42,12,224.126,244.693,5,9,"0,1,2,4,5,6,7,9,19"
42,13,410.457,175.361,5,4,"3,11,15,17"
42,14,286.757,112.442,5,0,""
42,15,354.425,211.606,5,4,"3,4,11,13"
42,16,129.584,209.135,5,4,"1,5,7,18"
42,17,457.028,144.44,5,2,"3,13"
42,18,102.526,290.911,5,5,"0,5,9,10,16"
42,19,226.436,329.521,5,7,"0,2,5,6,8,9,12"
43,0,177.84,313.493,5,7,"5,6,9,10,12,18,19"
43,1,181.541,163.648,5,4,"2,7,12,16"
43,2,244.426,237.932,5,6,"1,4,6,7,12,19"
43,3,444.868,219.741,5,4,"11,13,15,17"
43,4,311.42,217.661,5,5,"2,6,11,12,15"
43,5,159.733,296.359,5,8,"0,6,9,10,12,16,18,19"
43,6,255.835,272.231,5,8,"0,2,4,5,8,9,12,19"
43,7,206.177,183.747,5,4,"1,2,12,16"
43,8,314.434,339.593,5,2,"6,19"
43,9,168.841,313.975,5,7,"0,5,6,10,12,18,19"
43,10,128.826,360.719,5,5,"0,5,9,18,19"
43,11,397.886,266.42,5,4,"3,4,13,15"
43,12,229.074,245.409,5,9,"0,1,2,4,5,6,7,9,19"
43,13,415.194,173.758,5,4,"3,11,15,17"
43,14,281.789,113.014,5,0,""
43,15,352.028,215.994,5,4,"3,4,11,13"
43,16,127.632,213.738,5,4,"1,5,7,18"
43,17,452.048,144.889,5,2,"3,13"
43,18,100.717,286.249,5,5,"0,5,9,10,16"
43,19,221.771,331.322,5,8,"0,2,5,6,8,9,10,12"
44,0,174.739,309.571,5,8,"2,5,6,9,10,12,18,19"
44,1,185.293,166.953,5,4,"2,7,12,16"
44,2,240.308,240.768,5,9,"0,1,4,5,6,7,9,12,19"
44,3,444.224,224.7,5,4,"11,13,15,17"
44,4,313.926,213.335,5,4,"2,6,12,15"
44,5,160.333,291.395,5,8,"0,2,9,10,12,16,18,19"
44,6,260.627,273.659,5,7,"0,2,4,8,9,12,19"
44,7,210.798,185.655,5,5,"1,2,12,14,16"
44,8,310.486,342.662,5,2,"6,19"
44,9,172.542,310.613,5,8,"0,2,5,6,10,12,18,19"
44,10,129.327,365.694,5,5,"0,5,9,18,19"
44,11,401.901,269.402,5,3,"3,13,15"
44,12,234.023,246.125,5,9,"0,1,2,4,5,6,7,9,19"
44,13,419.93,172.156,5,4,"3,11,15,17"
44,14,276.822,113.585,5,1,"7"
44,15,349.631,220.382,5,4,"3,4,11,13"
44,16,125.679,218.341,5,4,"1,5,7,18"
44,17,447.069,145.338,5,2,"3,13"
44,18,98.9079,281.588,5,5,"0,5,9,10,16"
44,19,217.107,333.123,5,8,"0,2,5,6,8,9,10,12"
45,0,171.638,305.649,5,9,"2,5,6,9,10,12,16,18,19"
45,1,189.045,170.257,5,4,"2,7,12,16"
45,2,236.191,243.605,5,9,"0,1,4,5,6,7,9,12,19"
45,3,443.58,229.658,5,4,"11,13,15,17"
45,4,316.432,209.008,5,4,"2,6,12,15"
45,5,160.933,286.432,5,8,"0,2,9,10,12,16,18,19"
45,6,265.419,275.086,5,8,"0,2,4,8,9,12,15,19"
45,7,215.42,187.562,5,5,"1,2,12,14,16"
45,8,306.539,345.731,5,2,"6,19"
45,9,176.244,307.252,5,9,"0,2,5,6,10,12,16,18,19"
45,10,129.827,370.669,5,5,"0,5,9,18,19"
45,11,405.915,272.383,5,2,"3,15"
45,12,238.971,246.84,5,9,"0,1,2,4,5,6,7,9,19"
45,13,424.666,170.553,5,3,"3,15,17"
45,14,271.855,114.157,5,1,"7"
45,15,347.234,224.77,5,5,"3,4,6,11,13"
45,16,123.727,222.944,5,6,"0,1,5,7,9,18"
45,17,442.089,145.787,5,2,"3,13"
45,18,97.0987,276.927,5,5,"0,5,9,10,16"
45,19,212.442,334.924,5,8,"0,2,5,6,8,9,10,12"
46,0,168.537,301.727,5,8,"2,5,9,10,12,16,18,19"
46,1,192.797,173.562,5,5,"2,7,12,14,16"
46,2,232.073,246.442,5,9,"0,1,4,5,6,7,9,12,19"
46,3,442.937,234.617,5,4,"11,13,15,17"
46,4,318.938,204.681,5,4,"2,6,12,15"
46,5,161.534,281.468,5,8,"0,2,9,10,12,16,18,19"
46,6,270.211,276.514,5,7,"2,4,8,9,12,15,19"
46,7,220.042,189.469,5,4,"1,2,12,14"
46,8,302.591,348.8,5,2,"6,19"
46,9,179.945,303.89,5,9,"0,2,5,6,10,12,16,18,19"
46,10,130.327,375.644,5,4,"0,5,9,19"
46,11,409.929,275.364,5,2,"3,15"
46,12,243.92,247.556,5,9,"0,1,2,4,5,6,7,9,19"
46,13,429.402,168.951,5,2,"3,17"
46,14,266.888,114.729,5,2,"1,7"
46,15,344.838,229.158,5,4,"3,4,6,11"
46,16,121.775,227.548,5,5,"0,1,5,9,18"
46,17,437.109,146.236,5,2,"3,13"
46,18,95.2894,272.266,5,4,"0,5,9,16"
46,19,207.778,336.724,5,8,"0,2,5,6,8,9,10,12"
47,0,165.436,297.804,5,8,"2,5,9,10,12,16,18,19"
47,1,196.549,176.867,5,5,"2,7,12,14,16"
47,2,227.956,249.278,5,8,"0,1,5,6,7,9,12,19"
47,3,442.293,239.575,5,3,"11,13,17"
47,4,321.444,200.355,5,4,"6,7,12,15"
47,5,162.134,276.504,5,7,"0,2,9,12,16,18,19"
47,6,275.003,277.941,5,7,"2,4,8,9,12,15,19"
47,7,224.664,191.377,5,5,"1,2,4,12,14"
47,8,298.644,351.868,5,2,"6,19"
47,9,183.646,300.529,5,9,"0,2,5,6,10,12,16,18,19"
47,10,130.827,380.619,5,3,"0,9,19"
47,11,413.943,278.345,5,2,"3,15"
47,12,248.868,248.272,5,9,"0,1,2,4,5,6,7,9,15"
47,13,434.139,167.348,5,2,"3,17"
47,14,261.921,115.301,5,2,"1,7"
47,15,342.441,233.546,5,4,"4,6,11,12"
47,16,119.822,232.151,5,5,"0,1,5,9,18"
47,17,432.129,146.685,5,2,"3,13"
47,18,93.4802,267.605,5,4,"0,5,9,16"
47,19,203.113,338.525,5,7,"0,2,5,6,8,9,10"
48,0,162.335,293.882,5,7,"2,5,9,10,16,18,19"
48,1,200.302,180.172,5,6,"2,5,7,12,14,16"
48,2,223.838,252.115,5,8,"0,1,5,6,7,9,12,19"
48,3,441.649,244.533,5,3,"11,13,17"
48,4,322.14,199.154,0,4,"6,7,12,15"
48,5,162.734,271.54,5,8,"0,1,2,9,12,16,18,19"
48,6,279.795,279.368,5,7,"2,4,7,8,9,12,15"
48,7,229.286,193.284,5,6,"1,2,4,6,12,14"
48,8,294.696,354.937,5,2,"6,19"
48,9,187.348,297.167,5,7,"0,2,5,6,12,16,19"
48,10,131.327,385.594,5,2,"0,19"
48,11,417.957,281.326,5,2,"3,15"
48,12,253.817,248.988,5,8,"1,2,4,5,6,7,9,15"
48,13,438.875,165.746,5,2,"3,17"
48,14,256.953,115.873,5,2,"1,7"
48,15,340.044,237.934,5,4,"4,6,11,12"
48,16,117.87,236.754,5,5,"0,1,5,9,18"
48,17,427.149,147.134,5,2,"3,13"
48,18,91.671,262.943,5,3,"0,5,16"
48,19,198.449,340.326,5,6,"0,2,5,8,9,10"
49,0,159.233,289.96,5,6,"2,5,9,16,18,19"
49,1,204.054,183.476,5,5,"2,5,7,12,14"
49,2,219.721,254.952,5,8,"0,1,5,6,7,9,12,19"
49,3,441.006,249.492,5,2,"11,13"
49,4,322.14,199.154,0,4,"6,7,12,15"
49,5,163.334,266.576,5,8,"0,1,2,9,12,16,18,19"
49,6,284.587,280.796,5,7,"2,4,7,8,9,12,15"
49,7,233.908,195.191,5,6,"1,2,4,6,12,14"
49,8,290.749,358.006,5,2,"6,19"
49,9,191.049,293.806,5,7,"0,2,5,6,12,16,19"
49,10,131.828,390.569,5,1,"19"
49,11,421.971,284.307,5,2,"3,15"
49,12,254.909,249.146,0,8,"1,2,4,5,6,7,9,15"
49,13,443.611,164.143,5,2,"3,17"
49,14,251.986,116.445,5,2,"1,7"
49,15,337.647,242.322,5,4,"4,6,11,12"
49,16,115.918,241.357,5,4,"0,5,9,18"
49,17,422.17,147.583,5,1,"13"
49,18,89.8618,258.282,5,3,"0,5,16"
49,19,193.784,342.126,5,6,"0,2,5,8,9,10"
50,0,156.132,286.038,5,6,"2,5,9,16,18,19"
50,1,207.806,186.781,5,5,"2,5,7,12,14"
50,2,215.604,257.788,5,8,"0,1,5,6,7,9,12,19"
50,3,440.362,254.45,5,2,"11,13"
50,4,321.042,202.595,5,4,"6,7,12,15"
50,5,163.935,261.612,5,9,"0,1,2,7,9,12,16,18,19"
50,6,289.378,282.223,5,7,"2,4,7,8,9,12,15"
50,7,238.53,197.099,5,7,"1,2,4,5,6,12,14"
50,8,286.801,361.074,5,2,"6,19"
50,9,194.751,290.444,5,7,"0,2,5,6,12,16,19"
50,10,132.328,395.544,5,1,"19"
50,11,425.985,287.289,5,2,"3,15"
50,12,254.909,249.146,0,8,"1,2,4,5,6,7,9,15"
50,13,448.347,162.541,5,2,"3,17"
50,14,247.019,117.017,5,2,"1,7"
50,15,335.25,246.71,5,4,"4,6,11,12"
50,16,113.966,245.96,5,4,"0,5,9,18"
50,17,417.19,148.032,5,1,"13"
50,18,88.0526,253.621,5,3,"0,5,16"
50,19,189.12,343.927,5,6,"0,2,5,8,9,10"
51,0,153.031,282.116,5,6,"2,5,9,16,18,19"
51,1,211.558,190.086,5,6,"2,5,7,9,12,14"
51,2,211.486,260.625,5,9,"0,1,5,6,7,9,12,16,19"
51,3,439.718,259.409,5,2,"11,13"
51,4,319.522,207.358,5,4,"6,7,12,15"
51,5,164.535,256.649,5,9,"0,1,2,7,9,12,16,18,19"
51,6,294.17,283.65,5,7,"2,4,7,8,9,12,15"
51,7,243.152,199.006,5,8,"1,2,4,5,6,9,12,14"
51,8,282.854,364.143,5,1,"6"
51,9,198.452,287.082,5,9,"0,1,2,5,6,7,12,16,19"
51,10,132.828,400.519,5,1,"19"
51,11,429.999,290.27,5,1,"3"
51,12,254.333,252.999,5,8,"1,2,4,5,6,7,9,15"
51,13,453.084,160.938,5,2,"3,17"
51,14,242.052,117.588,5,2,"1,7"
51,15,333.094,250.658,0,3,"4,6,12"
51,16,112.013,250.563,5,5,"0,2,5,9,18"
51,17,414.813,148.246,0,1,"13"
51,18,86.2434,248.96,5,3,"0,5,16"
51,19,184.455,345.728,5,5,"0,2,5,9,10"
52,0,149.93,278.194,5,6,"2,5,9,16,18,19"
52,1,215.31,193.391,5,6,"2,5,7,9,12,14"
52,2,207.369,263.461,5,9,"0,1,5,6,7,9,12,16,19"
52,3,439.075,264.367,5,1,"11"
52,4,318.002,212.121,5,4,"6,7,12,15"
52,5,165.135,251.685,5,9,"0,1,2,7,9,12,16,18,19"
52,6,298.962,285.078,5,7,"2,4,7,8,9,12,15"
52,7,247.774,200.914,5,9,"1,2,4,5,6,9,12,14,15"
52,8,278.906,367.212,5,1,"6"
52,9,202.153,283.721,5,9,"0,1,2,5,6,7,12,16,19"
52,10,133.328,405.494,5,1,"19"
52,11,434.013,293.251,5,1,"3"
52,12,253.594,257.944,5,8,"1,2,4,5,6,7,9,15"
52,13,457.82,159.336,5,1,"17"
52,14,237.085,118.16,5,2,"1,7"
52,15,333.094,250.658,0,4,"4,6,7,12"
52,16,110.061,255.166,5,5,"0,2,5,9,18"
52,17,414.813,148.246,0,1,"13"
52,18,84.4342,244.299,5,3,"0,5,16"
52,19,179.791,347.529,5,5,"0,2,5,9,10"
53,0,146.829,274.272,5,6,"2,5,9,16,18,19"
53,1,219.062,196.695,5,7,"2,4,5,7,9,12,14"
53,2,203.251,266.298,5,8,"0,1,5,7,9,12,16,19"
53,3,438.431,269.325,5,1,"11"
53,4,316.482,216.885,5,5,"1,6,7,12,15"
53,5,165.735,246.721,5,8,"0,1,2,7,9,12,16,18"
53,6,303.754,286.505,5,6,"4,7,8,9,12,15"
53,7,252.396,202.821,5,9,"1,2,4,5,6,9,12,14,15"
53,8,274.959,370.28,5,1,"6"
53,9,205.855,280.359,5,9,"0,1,2,5,6,7,12,16,19"
53,10,133.829,410.468,5,1,"19"
53,11,438.027,296.232,5,1,"3"
53,12,252.855,262.89,5,8,"1,2,4,5,6,7,9,15"
53,13,462.556,157.733,5,1,"17"
53,14,232.118,118.732,5,2,"1,7"
53,15,333.545,250.438,5,4,"4,6,7,12"
53,16,108.109,259.769,5,5,"0,2,5,9,18"
53,17,414.559,145.644,5,1,"13"
53,18,82.6249,239.637,5,3,"0,5,16"
53,19,175.127,349.329,5,4,"0,2,9,10"
54,0,143.728,270.35,5,6,"2,5,9,16,18,19"
54,1,222.814,200,5,7,"2,4,5,7,9,12,14"
54,2,199.134,269.135,5,8,"0,1,5,7,9,12,16,19"
54,3,437.787,274.284,5,1,"11"
54,4,314.962,221.648,5,5,"1,6,7,12,15"
54,5,166.335,241.757,5,8,"0,1,2,7,9,12,16,18"
54,6,308.546,287.932,5,6,"4,7,8,9,12,15"
54,7,257.018,204.728,5,9,"1,2,4,5,6,9,12,14,15"
54,8,271.011,373.349,5,1,"6"
54,9,209.556,276.998,5,8,"0,1,2,5,6,7,12,19"
54,10,134.329,415.443,5,1,"19"
54,11,442.041,299.213,5,1,"3"
54,12,252.116,267.835,5,8,"1,2,4,5,6,7,9,15"
54,13,466.636,156.353,0,1,"17"
54,14,227.15,119.304,5,2,"1,7"
54,15,338.04,248.25,5,4,"4,6,7,12"
54,16,106.156,264.372,5,4,"0,2,5,18"
54,17,414.072,140.668,5,1,"13"
54,18,80.8157,234.976,5,3,"0,5,16"
54,19,170.462,351.13,5,4,"0,2,9,10"
55,0,140.626,266.428,5,6,"2,5,9,16,18,19"
55,1,226.567,203.305,5,7,"2,4,5,7,9,12,14"
55,2,195.016,271.971,5,8,"0,1,5,7,9,12,16,19"
55,3,437.144,279.242,5,1,"11"
55,4,313.442,226.411,5,5,"1,6,7,12,15"
55,5,166.936,236.793,5,8,"0,1,2,7,9,12,16,18"
55,6,313.338,289.36,5,5,"4,7,8,12,15"
55,7,261.639,206.636,5,9,"1,2,4,5,6,9,12,14,15"
55,8,267.064,376.418,5,1,"6"
55,9,213.257,273.636,5,7,"0,1,2,5,7,12,19"
55,10,134.829,420.418,5,1,"19"
55,11,446.055,302.194,5,1,"3"
55,12,251.377,272.78,5,8,"1,2,4,5,6,7,9,15"
55,13,466.636,156.353,0,1,"17"
55,14,222.183,119.876,5,2,"1,7"
55,15,342.536,246.061,5,4,"4,6,7,12"
55,16,104.204,268.975,5,4,"0,2,5,18"
55,17,413.585,135.692,5,1,"13"
55,18,79.0065,230.315,5,3,"0,5,16"
55,19,165.798,352.931,5,4,"0,2,9,10"
56,0,137.525,262.506,5,6,"2,5,9,16,18,19"
56,1,230.319,206.61,5,7,"2,4,5,7,9,12,14"
56,2,190.899,274.808,5,7,"0,1,5,9,12,16,19"
56,3,436.5,284.201,5,2,"11,15"
56,4,311.922,231.175,5,5,"1,6,7,12,15"
56,5,167.536,231.829,5,7,"0,1,2,9,12,16,18"
56,6,316.041,290.165,0,4,"4,7,12,15"
56,7,266.261,208.543,5,6,"1,4,6,9,12,15"
56,8,263.116,379.487,5,0,""
56,9,216.959,270.275,5,6,"0,1,2,5,7,12"
56,10,135.329,425.393,5,1,"19"
56,11,450.069,305.176,5,1,"3"
56,12,250.638,277.725,5,7,"1,2,4,5,6,7,9"
56,13,466.141,156.837,5,1,"17"
56,14,217.216,120.448,5,1,"1"
56,15,347.031,243.872,5,4,"3,4,6,7"
56,16,102.252,273.578,5,4,"0,2,5,18"
56,17,413.098,130.716,5,1,"13"
56,18,77.1973,225.654,5,3,"0,5,16"
56,19,161.133,354.732,5,3,"0,2,10"
57,0,134.424,258.584,5,5,"2,5,9,16,18"
57,1,234.071,209.914,5,7,"2,4,5,7,9,12,14"
57,2,186.781,277.645,5,7,"0,1,5,9,12,16,19"
57,3,435.856,289.159,5,2,"11,15"
57,4,310.402,235.938,5,6,"1,6,7,9,12,15"
57,5,168.136,226.865,5,7,"0,1,2,9,12,16,18"
57,6,316.041,290.165,0,5,"4,7,9,12,15"
57,7,270.883,210.45,5,6,"1,4,6,9,12,15"
57,8,259.168,382.555,5,0,""
57,9,220.66,266.913,5,8,"0,1,2,4,5,6,7,12"
57,10,135.83,430.368,5,1,"19"
57,11,454.083,308.157,5,1,"3"
57,12,249.898,282.67,5,7,"1,2,4,5,6,7,9"
57,13,462.566,160.332,5,1,"17"
57,14,212.249,121.019,5,1,"1"
57,15,351.527,241.684,5,4,"3,4,6,7"
57,16,100.299,278.182,5,5,"0,2,5,18,19"
57,17,412.611,125.74,5,1,"13"
57,18,75.3881,220.993,5,3,"0,5,16"
57,19,156.469,356.532,5,3,"2,10,16"
58,0,131.323,254.662,5,5,"2,5,9,16,18"
58,1,237.823,213.219,5,7,"2,4,5,7,9,12,14"
58,2,182.664,280.481,5,7,"0,1,5,9,12,16,19"
58,3,435.213,294.117,5,2,"11,15"
58,4,308.882,240.701,5,6,"1,6,7,9,12,15"
58,5,168.736,221.902,5,6,"0,1,2,9,16,18"
58,6,317.736,288.794,5,5,"4,7,9,12,15"
58,7,275.505,212.358,5,6,"1,4,6,9,12,15"
58,8,255.221,385.624,5,1,"12"
58,9,224.361,263.552,5,8,"0,1,2,4,5,6,7,12"
58,10,136.33,435.343,5,1,"19"
58,11,458.097,311.138,5,1,"3"
58,12,249.159,287.615,5,7,"1,2,4,6,7,8,9"
58,13,458.991,163.827,5,1,"17"
58,14,207.282,121.591,5,1,"1"
58,15,356.022,239.495,5,4,"3,4,6,7"
58,16,98.3471,282.785,5,5,"0,2,5,18,19"
58,17,412.124,120.763,5,1,"13"
58,18,73.5789,216.331,5,3,"0,5,16"
58,19,154.613,357.249,0,3,"2,10,16"
59,0,128.222,250.739,5,4,"2,5,16,18"
59,1,241.575,216.524,5,6,"2,4,5,7,9,12"
59,2,178.546,283.318,5,7,"0,1,5,9,12,16,19"
59,3,434.569,299.076,5,2,"11,15"
59,4,307.362,245.465,5,6,"1,6,7,9,12,15"
59,5,169.337,216.938,5,5,"0,1,2,9,18"
59,6,321.623,285.649,5,5,"4,7,9,12,15"
59,7,280.127,214.265,5,6,"1,4,6,9,12,15"
59,8,251.273,388.693,5,1,"12"
59,9,228.063,260.19,5,7,"1,2,4,5,6,7,12"
59,10,136.83,440.318,5,1,"19"
59,11,462.111,314.119,5,1,"3"
59,12,248.42,292.56,5,7,"1,2,4,6,7,8,9"
59,13,455.415,167.322,5,1,"17"
59,14,202.314,122.163,5,0,""
59,15,360.518,237.307,5,4,"3,4,6,7"
59,16,96.3948,287.388,5,4,"0,2,18,19"
59,17,411.637,115.787,5,1,"13"
59,18,71.7697,211.67,5,3,"0,5,16"
59,19,154.613,357.249,0,3,"2,10,16"
60,0,125.121,246.817,5,4,"2,5,16,18"
60,1,243.079,217.848,0,6,"2,4,5,7,9,12"
60,2,174.429,286.155,5,7,"0,1,5,9,12,16,19"
60,3,433.925,304.034,5,2,"11,15"
60,4,305.842,250.228,5,6,"1,6,7,9,12,15"
60,5,169.937,211.974,5,5,"0,1,2,9,14"
60,6,325.51,282.504,5,5,"4,7,9,12,15"
60,7,284.749,216.172,5,6,"1,4,6,9,12,15"
60,8,247.326,391.761,5,1,"12"
60,9,231.764,256.828,5,7,"1,2,4,5,6,7,12"
60,10,137.33,445.293,5,1,"19"
60,11,466.125,317.1,5,1,"3"
60,12,247.681,297.505,5,7,"1,2,4,6,7,8,9"
60,13,451.84,170.818,5,1,"17"
60,14,197.347,122.735,5,1,"5"
60,15,365.014,235.118,5,4,"3,4,6,7"
60,16,94.4425,291.991,5,4,"0,2,18,19"
60,17,411.15,110.811,5,1,"13"
60,18,69.9605,207.009,5,2,"0,16"
60,19,154.406,354.245,5,3,"2,10,16"
61,0,122.019,242.895,5,4,"2,5,16,18"
61,1,243.079,217.848,0,5,"4,5,7,9,12"
61,2,170.311,288.991,5,6,"0,5,9,12,16,19"
61,3,433.282,308.993,5,2,"11,15"
61,4,304.322,254.992,5,6,"1,6,7,9,12,15"
61,5,170.537,207.01,5,5,"0,1,2,9,14"
61,6,329.398,279.36,5,5,"4,7,9,12,15"
61,7,289.371,218.08,5,6,"1,4,6,9,12,15"
61,8,243.83,394.479,0,1,"12"
61,9,235.465,253.467,5,7,"1,2,4,5,6,7,12"
61,10,137.831,450.268,5,0,""
61,11,470.139,320.081,5,1,"3"
61,12,246.942,302.45,5,7,"1,2,4,6,7,8,9"
61,13,448.264,174.313,5,2,"15,17"
61,14,192.38,123.307,5,1,"5"
61,15,369.509,232.929,5,5,"3,4,6,7,13"
61,16,92.4902,296.594,5,4,"0,2,18,19"
61,17,410.663,105.835,5,1,"13"
61,18,68.1512,202.348,5,2,"0,16"
61,19,154.062,349.257,5,2,"2,16"
62,0,118.918,238.973,5,4,"2,5,16,18"
62,1,241.106,215.594,5,5,"4,5,7,9,12"
62,2,166.194,291.828,5,6,"0,5,9,12,16,19"
62,3,432.638,313.951,5,1,"11"
62,4,302.802,259.755,5,6,"1,6,7,9,12,15"
62,5,171.137,202.046,5,5,"0,1,2,9,14"
62,6,333.285,276.215,5,5,"4,7,9,12,15"
62,7,293.993,219.987,5,6,"1,4,6,9,12,15"
62,8,243.83,394.479,0,1,"12"
62,9,239.167,250.105,5,7,"1,2,4,5,6,7,12"
62,10,138.331,455.243,5,0,""
62,11,474.154,323.063,5,1,"3"
62,12,246.203,307.395,5,8,"1,2,4,6,7,8,9,19"
62,13,444.689,177.808,5,2,"15,17"
62,14,188.455,123.759,0,1,"5"
62,15,374.005,230.741,5,4,"4,6,7,13"
62,16,90.5378,301.197,5,3,"0,2,19"
62,17,410.176,100.858,5,1,"13"
62,18,66.342,197.687,5,1,"0"
62,19,153.718,344.269,5,3,"2,12,16"
63,0,115.817,235.051,5,4,"2,5,16,18"
63,1,237.813,211.832,5,4,"4,5,7,9"
63,2,162.077,294.664,5,6,"0,5,9,12,16,19"
63,3,431.994,318.909,5,1,"11"
63,4,301.282,264.518,5,6,"1,6,7,9,12,15"
63,5,171.738,197.082,5,5,"0,1,2,9,14"
63,6,337.173,273.071,5,5,"4,7,9,12,15"
63,7,298.615,221.894,5,5,"1,4,6,9,15"
63,8,244.245,394.873,5,1,"12"
63,9,242.868,246.744,5,7,"1,2,4,5,6,7,12"
63,10,138.831,460.218,5,0,""
63,11,478.168,326.044,5,1,"3"
63,12,245.464,312.34,5,6,"2,4,6,8,9,19"
63,13,441.114,181.303,5,2,"15,17"
63,14,188.455,123.759,0,1,"5"
63,15,378.5,228.552,5,4,"4,6,7,13"
63,16,88.5855,305.8,5,3,"0,2,19"
63,17,409.689,95.8822,5,1,"13"
63,18,64.5328,193.025,5,1,"0"
63,19,153.374,339.281,5,3,"2,12,16"
64,0,112.716,231.129,5,4,"2,5,16,18"
64,1,234.519,208.069,5,5,"4,5,7,9,14"
64,2,157.959,297.501,5,4,"0,12,16,19"
64,3,431.351,323.868,5,1,"11"
64,4,299.762,269.282,5,6,"1,6,7,9,12,15"
64,5,172.338,192.119,5,4,"0,1,9,14"
64,6,341.06,269.926,5,4,"4,7,9,15"
64,7,303.237,223.802,5,5,"1,4,6,9,15"
64,8,247.871,398.316,5,1,"12"
64,9,246.569,243.382,5,6,"1,4,5,6,7,12"
64,10,139.331,465.192,5,0,""
64,11,482.182,329.025,5,1,"3"
64,12,244.724,317.285,5,5,"2,4,8,9,19"
64,13,437.538,184.798,5,2,"15,17"
64,14,187.51,123.303,5,2,"1,5"
64,15,382.996,226.363,5,4,"4,6,7,13"
64,16,86.6332,310.403,5,3,"0,2,19"
64,17,409.202,90.906,5,1,"13"
64,18,62.7236,188.364,5,1,"0"
64,19,153.03,334.293,5,3,"2,12,16"
65,0,109.615,227.207,5,4,"2,5,16,18"
65,1,231.226,204.307,5,5,"4,5,7,9,14"
65,2,153.842,300.338,5,4,"0,12,16,19"
65,3,430.707,328.826,5,1,"11"
65,4,298.242,274.045,5,5,"1,6,7,9,12"
65,5,172.938,187.155,5,4,"0,1,9,14"
65,6,344.947,266.782,5,4,"4,7,9,15"
65,7,307.859,225.709,5,5,"1,4,6,9,15"
65,8,251.496,401.759,5,1,"12"
65,9,250.271,240.021,5,6,"1,4,5,6,7,12"
65,10,139.832,470.167,5,0,""
65,11,486.196,332.006,5,1,"3"
65,12,243.985,322.23,5,5,"2,4,8,9,19"
65,13,433.963,188.294,5,1,"15"
65,14,183.006,121.131,5,2,"1,5"
65,15,387.491,224.175,5,3,"6,7,13"
65,16,84.6809,315.006,5,3,"0,2,19"
65,17,408.715,85.9298,5,0,""
65,18,60.9144,183.703,5,1,"0"
65,19,152.687,329.305,5,3,"2,12,16"
66,0,106.513,223.285,5,4,"2,5,16,18"
66,1,227.933,200.545,5,4,"5,7,9,14"
66,2,149.724,303.174,5,4,"0,12,16,19"
66,3,430.063,333.785,5,1,"11"
66,4,296.722,278.808,5,4,"6,7,9,12"
66,5,173.538,182.191,5,4,"0,1,9,14"
66,6,348.835,263.637,5,4,"4,7,9,15"
66,7,312.48,227.616,5,5,"1,4,6,9,15"
66,8,255.122,405.203,5,1,"12"
66,9,253.972,236.659,5,6,"1,4,5,6,7,12"
66,10,140.332,475.142,5,0,""
66,11,490.21,334.987,5,1,"3"
66,12,243.246,327.175,5,5,"2,4,8,9,19"
66,13,430.387,191.789,5,1,"15"
66,14,178.502,118.96,5,2,"1,5"
66,15,391.987,221.986,5,3,"6,7,13"
66,16,82.7286,319.609,5,3,"0,2,19"
66,17,408.228,80.9535,5,0,""
66,18,59.1052,179.042,5,1,"0"
66,19,152.343,324.316,5,3,"2,12,16"
67,0,103.412,219.363,5,3,"2,5,18"
67,1,224.64,196.782,5,4,"5,7,9,14"
67,2,145.607,306.011,5,3,"0,16,19"
67,3,429.419,338.743,5,1,"11"
67,4,295.202,283.572,5,4,"6,7,9,12"
67,5,174.139,177.227,5,3,"0,1,14"
67,6,352.722,260.492,5,5,"4,7,9,13,15"
67,7,317.102,229.524,5,5,"1,4,6,9,15"
67,8,258.747,408.646,5,1,"12"
67,9,257.673,233.298,5,5,"1,4,6,7,12"
67,10,140.832,480.117,5,0,""
67,11,493.45,337.393,0,1,"3"
67,12,242.507,332.12,5,4,"4,8,9,19"
67,13,426.812,195.284,5,2,"6,15"
67,14,173.999,116.788,5,2,"1,5"
67,15,396.482,219.798,5,3,"6,7,13"
67,16,80.7763,324.213,5,2,"2,19"
67,17,407.741,75.9773,5,0,""
67,18,57.296,174.381,5,1,"0"
67,19,151.999,319.328,5,3,"2,12,16"
68,0,101.458,216.891,0,2,"5,18"
68,1,221.347,193.02,5,3,"5,9,14"
68,2,141.489,308.848,5,2,"16,19"
68,3,428.776,343.701,5,1,"11"
68,4,293.682,288.335,5,4,"6,7,9,12"
68,5,174.739,172.263,5,3,"0,1,14"
68,6,356.609,257.348,5,5,"4,7,9,13,15"
68,7,321.724,231.431,5,4,"4,6,9,15"
68,8,262.373,412.089,5,1,"12"
68,9,261.375,229.936,5,4,"1,4,6,7"
68,10,141.332,485.092,5,0,""
68,11,493.45,337.393,0,1,"3"
68,12,241.768,337.065,5,3,"4,8,19"
68,13,423.237,198.779,5,2,"6,15"
68,14,169.495,114.616,5,2,"1,5"
68,15,400.978,217.609,5,3,"6,7,13"
68,16,78.824,328.816,5,2,"2,19"
68,17,407.254,71.0011,5,0,""
68,18,55.4867,169.72,5,1,"0"
68,19,151.655,314.34,5,3,"2,12,16"
69,0,101.458,216.891,0,2,"5,18"
69,1,218.054,189.258,5,3,"5,9,14"
69,2,137.372,311.684,5,2,"16,19"
69,3,428.132,348.66,5,1,"11"
69,4,292.162,293.099,5,4,"6,7,9,12"
69,5,175.339,167.299,5,3,"0,1,14"
69,6,360.497,254.203,5,5,"4,7,9,13,15"
69,7,326.346,233.338,5,5,"4,6,9,13,15"
69,8,265.998,415.532,5,1,"12"
69,9,265.076,226.575,5,4,"1,4,6,7"
69,10,141.401,485.775,0,0,""
69,11,492.765,336.714,5,1,"3"
69,12,241.029,342.011,5,3,"4,8,19"
69,13,419.661,202.275,5,3,"6,7,15"
69,14,164.991,112.445,5,2,"1,5"
69,15,405.473,215.42,5,3,"6,7,13"
69,16,76.8717,333.419,5,2,"2,19"
69,17,406.767,66.0248,5,0,""
69,18,53.6775,165.058,5,1,"0"
69,19,151.311,309.352,5,3,"2,12,16"
70,0,103.162,217.605,5,3,"5,18,19"
70,1,214.761,185.495,5,3,"5,9,14"
70,2,135.896,312.701,0,2,"16,19"
70,3,427.488,353.618,5,1,"11"
70,4,290.642,297.862,5,4,"6,7,9,12"
70,5,175.939,162.336,5,3,"0,1,14"
70,6,364.384,251.059,5,5,"4,7,9,13,15"
70,7,330.968,235.246,5,5,"4,6,9,13,15"
70,8,269.624,418.976,5,1,"12"
70,9,268.777,223.213,5,4,"1,4,6,7"
70,10,141.401,485.775,0,0,""
70,11,489.217,333.191,5,1,"3"
70,12,240.607,344.831,0,3,"4,8,19"
70,13,416.086,205.77,5,3,"6,7,15"
70,14,160.487,110.273,5,2,"1,5"
70,15,409.969,213.232,5,3,"6,7,13"
70,16,74.9194,338.022,5,2,"2,19"
70,17,406.28,61.0486,5,0,""
70,18,53.6548,165,0,1,"0"
70,19,150.968,304.364,5,4,"0,2,12,16"
71,0,107.774,219.537,5,4,"2,5,18,19"
71,1,211.467,181.733,5,3,"5,9,14"
71,2,135.896,312.701,0,3,"0,16,19"
71,3,426.845,358.577,5,1,"11"
71,4,289.122,302.625,5,4,"6,7,9,12"
71,5,176.54,157.372,5,3,"0,1,14"
71,6,368.272,247.914,5,5,"4,7,9,13,15"
71,7,335.59,237.153,5,5,"4,6,9,13,15"
71,8,273.249,422.419,5,1,"12"
71,9,272.479,219.851,5,4,"1,4,6,7"
71,10,144.207,482.499,5,0,""
71,11,485.669,329.668,5,1,"3"
71,12,240.607,344.831,0,2,"4,8"
71,13,412.51,209.265,5,3,"6,7,15"
71,14,155.984,108.102,5,2,"1,5"
71,15,414.465,211.043,5,3,"6,7,13"
71,16,72.9671,342.625,5,2,"2,19"
71,17,405.793,56.0724,5,0,""
71,18,53.6548,165,0,1,"0"
71,19,150.624,299.376,5,3,"0,2,16"
72,0,112.386,221.469,5,4,"2,5,18,19"
72,1,208.174,177.971,5,3,"5,9,14"
72,2,134.03,315.311,5,3,"0,16,19"
72,3,426.201,363.535,5,1,"11"
72,4,287.602,307.389,5,3,"7,9,12"
72,5,177.14,152.408,5,3,"0,1,14"
72,6,372.159,244.77,5,3,"7,13,15"
72,7,340.212,239.06,5,5,"4,6,9,13,15"
72,8,276.875,425.862,5,1,"12"
72,9,276.18,216.49,5,3,"1,4,7"
72,10,147.46,478.701,5,0,""
72,11,482.121,326.145,5,1,"3"
72,12,238.482,345.147,5,2,"4,8"
72,13,408.935,212.76,5,3,"6,7,15"
72,14,151.48,105.93,5,2,"1,5"
72,15,418.96,208.854,5,3,"6,7,13"
72,16,71.0148,347.228,5,2,"2,19"
72,17,405.306,51.0962,5,0,""
72,18,58.5817,165.319,5,1,"0"
72,19,150.28,294.388,5,3,"0,2,16"
73,0,116.997,223.401,5,4,"2,5,18,19"
73,1,204.881,174.208,5,3,"5,9,14"
73,2,131.122,319.378,5,3,"0,16,19"
73,3,425.557,368.493,5,1,"11"
73,4,286.083,312.152,5,3,"7,9,12"
73,5,177.74,147.444,5,3,"0,1,14"
73,6,376.046,241.625,5,3,"7,13,15"
73,7,344.834,240.968,5,5,"4,6,9,13,15"
73,8,280.5,429.305,5,1,"12"
73,9,279.882,213.128,5,3,"1,4,7"
73,10,150.713,474.904,5,0,""
73,11,478.573,322.622,5,1,"3"
73,12,233.537,345.884,5,2,"4,8"
73,13,405.36,216.255,5,3,"6,7,15"
73,14,146.976,103.758,5,2,"1,5"
73,15,423.456,206.666,5,3,"6,7,13"
73,16,69.0625,351.831,5,1,"2"
73,17,404.819,46.1199,5,0,""
73,18,63.5712,165.643,5,1,"0"
73,19,149.936,289.399,5,2,"0,2"
74,0,121.609,225.333,5,4,"1,2,18,19"
74,1,201.588,170.446,5,4,"0,5,9,14"
74,2,128.214,323.445,5,3,"0,16,19"
74,3,424.914,373.452,5,1,"11"
74,4,284.563,316.915,5,2,"7,12"
74,5,178.34,142.48,5,2,"1,14"
74,6,379.934,238.481,5,3,"7,13,15"
74,7,349.456,242.875,5,5,"4,6,9,13,15"
74,8,284.126,432.748,5,0,""
74,9,283.583,209.767,5,2,"1,7"
74,10,153.966,471.107,5,0,""
74,11,475.025,319.099,5,1,"3"
74,12,228.591,346.62,5,1,"4"
74,13,401.784,219.751,5,3,"6,7,15"
74,14,142.472,101.587,5,3,"1,5,18"
74,15,427.951,204.477,5,3,"6,7,13"
74,16,67.1101,356.434,5,1,"2"
74,17,404.332,41.1437,5,0,""
74,18,68.5607,165.967,5,2,"0,14"
74,19,149.592,284.411,5,2,"0,2"
75,0,126.221,227.265,5,3,"1,18,19"
75,1,198.295,166.684,5,4,"0,5,9,14"
75,2,125.306,327.512,5,2,"16,19"
75,3,424.27,378.41,5,1,"11"
75,4,283.043,321.679,5,1,"12"
75,5,178.941,137.516,5,2,"1,14"
75,6,383.821,235.336,5,3,"7,13,15"
75,7,354.078,244.782,5,4,"6,9,13,15"
75,8,287.751,436.192,5,0,""
75,9,287.284,206.405,5,2,"1,7"
75,10,157.219,467.31,5,0,""
75,11,471.477,315.576,5,1,"3"
75,12,223.646,347.357,5,1,"4"
75,13,398.209,223.246,5,3,"6,7,15"
75,14,137.969,99.4151,5,3,"1,5,18"
75,15,432.447,202.289,5,3,"6,7,13"
75,16,65.1578,361.037,5,1,"2"
75,17,404.281,40.6264,0,0,""
75,18,73.5502,166.29,5,2,"0,14"
75,19,149.248,279.423,5,2,"0,2"
76,0,130.832,229.197,5,3,"1,18,19"
76,1,195.002,162.921,5,3,"0,5,14"
76,2,122.397,331.579,5,3,"12,16,19"
76,3,423.626,383.369,5,1,"11"
76,4,281.523,326.442,5,1,"12"
76,5,179.541,132.553,5,2,"1,14"
76,6,387.709,232.191,5,3,"7,13,15"
76,7,358.7,246.69,5,4,"6,9,13,15"
76,8,291.377,439.635,5,0,""
76,9,290.986,203.044,5,1,"7"
76,10,160.472,463.513,5,0,""
76,11,467.929,312.053,5,1,"3"
76,12,218.7,348.093,5,2,"2,4"
76,13,394.633,226.741,5,3,"6,7,15"
76,14,133.465,97.2434,5,3,"1,5,18"
76,15,436.942,200.1,5,3,"6,7,13"
76,16,63.2055,365.64,5,1,"2"
76,17,404.281,40.6264,0,0,""
76,18,78.5397,166.614,5,2,"0,14"
76,19,148.905,274.435,5,2,"0,2"
77,0,135.444,231.129,5,3,"1,18,19"
77,1,191.708,159.159,5,3,"0,5,14"
77,2,119.489,335.647,5,3,"12,16,19"
77,3,422.983,388.327,5,1,"11"
77,4,280.003,331.206,5,1,"12"
77,5,180.141,127.589,5,2,"1,14"
77,6,391.596,229.047,5,3,"7,13,15"
77,7,363.321,248.597,5,4,"6,9,13,15"
77,8,295.002,443.078,5,0,""
77,9,294.687,199.682,5,1,"7"
77,10,163.725,459.716,5,0,""
77,11,464.381,308.53,5,1,"3"
77,12,213.755,348.829,5,2,"2,4"
77,13,391.058,230.236,5,3,"6,7,15"
77,14,128.961,95.0718,5,3,"1,5,18"
77,15,441.438,197.911,5,3,"6,7,13"
77,16,61.2532,370.244,5,1,"2"
77,17,400.666,43.273,5,0,""
77,18,83.5292,166.938,5,2,"0,14"
77,19,148.561,269.447,5,2,"0,2"
78,0,140.056,233.061,5,3,"1,18,19"
78,1,188.415,155.397,5,3,"0,5,14"
78,2,116.581,339.714,5,3,"12,16,19"
78,3,422.339,393.285,5,1,"11"
78,4,278.483,335.969,5,1,"12"
78,5,180.741,122.625,5,2,"1,14"
78,6,395.483,225.902,5,3,"7,13,15"
78,7,367.943,250.504,5,4,"6,9,13,15"
78,8,298.628,446.521,5,0,""
78,9,298.388,196.321,5,2,"7,13"
78,10,166.978,455.919,5,0,""
78,11,460.833,305.007,5,1,"3"
78,12,208.809,349.566,5,2,"2,4"
78,13,387.483,233.731,5,4,"6,7,9,15"
78,14,124.457,92.9002,5,3,"1,5,18"
78,15,445.933,195.723,5,3,"6,7,13"
78,16,59.3009,374.847,5,1,"2"
78,17,396.632,46.2266,5,0,""
78,18,88.5188,167.262,5,2,"0,14"
78,19,148.217,264.459,5,2,"0,2"
79,0,144.667,234.993,5,3,"1,18,19"
79,1,185.122,151.634,5,4,"0,5,14,18"
79,2,113.673,343.781,5,3,"12,16,19"
79,3,421.695,398.244,5,0,""
79,4,276.963,340.732,5,1,"12"
79,5,181.342,117.661,5,2,"1,14"
79,6,399.371,222.758,5,4,"7,11,13,15"
79,7,372.565,252.412,5,5,"6,9,11,13,15"
79,8,302.253,449.965,5,0,""
79,9,302.09,192.959,5,2,"7,13"
79,10,170.231,452.122,5,0,""
79,11,457.285,301.484,5,3,"6,7,13"
79,12,203.864,350.302,5,2,"2,4"
79,13,383.907,237.227,5,5,"6,7,9,11,15"
79,14,119.953,90.7285,5,3,"1,5,18"
79,15,449.248,194.109,0,3,"6,7,13"
79,16,58.9939,375.57,0,1,"2"
79,17,392.598,49.1803,5,0,""
79,18,93.5083,167.585,5,3,"0,1,14"
79,19,147.873,259.47,5,2,"0,2"
80,0,149.279,236.925,5,3,"1,18,19"
80,1,181.829,147.872,5,4,"0,5,14,18"
80,2,110.765,347.848,5,2,"12,16"
80,3,421.052,403.202,5,0,""
80,4,275.443,345.496,5,1,"12"
80,5,181.942,112.697,5,2,"1,14"
80,6,403.258,219.613,5,4,"7,11,13,15"
80,7,377.187,254.319,5,5,"6,9,11,13,15"
80,8,305.879,453.408,5,0,""
80,9,305.791,189.597,5,2,"7,13"
80,10,173.484,448.324,5,0,""
80,11,453.737,297.961,5,3,"6,7,13"
80,12,198.918,351.039,5,2,"2,4"
80,13,380.332,240.722,5,5,"6,7,9,11,15"
80,14,115.45,88.5569,5,3,"1,5,18"
80,15,449.248,194.109,0,3,"6,7,13"
80,16,58.9939,375.57,0,1,"2"
80,17,388.563,52.134,5,0,""
80,18,98.4978,167.909,5,4,"0,1,14,19"
80,19,147.529,254.482,5,2,"0,18"
81,0,153.891,238.857,5,3,"1,18,19"
81,1,178.536,144.11,5,4,"0,5,14,18"
81,2,107.856,351.916,5,2,"12,16"
81,3,420.875,404.563,0,0,""
81,4,273.923,350.259,5,1,"12"
81,5,182.542,107.733,5,3,"1,14,18"
81,6,407.145,216.469,5,4,"7,11,13,15"
81,7,381.809,256.227,5,4,"6,11,13,15"
81,8,309.504,456.851,5,0,""
81,9,309.492,186.236,5,1,"13"
81,10,176.737,444.527,5,1,"12"
81,11,450.189,294.438,5,3,"6,7,13"
81,12,193.973,351.775,5,3,"2,4,10"
81,13,376.756,244.217,5,5,"6,7,9,11,15"
81,14,110.946,86.3853,5,3,"1,5,18"
81,15,447.956,194.351,5,3,"6,7,13"
81,16,62.3073,372.967,5,1,"2"
81,17,384.529,55.0876,5,0,""
81,18,103.487,168.233,5,5,"0,1,5,14,19"
81,19,147.186,249.494,5,2,"0,18"
82,0,158.502,240.788,5,2,"18,19"
82,1,175.243,140.347,5,3,"5,14,18"
82,2,104.948,355.983,5,2,"12,16"
82,3,420.875,404.563,0,0,""
82,4,272.403,355.022,5,1,"12"
82,5,183.142,102.769,5,3,"1,14,18"
82,6,411.033,213.324,5,4,"7,11,13,15"
82,7,386.431,258.134,5,4,"6,11,13,15"
82,8,313.13,460.294,5,0,""
82,9,313.194,182.874,5,1,"13"
82,10,179.99,440.73,5,1,"12"
82,11,446.64,290.915,5,4,"6,7,13,15"
82,12,189.027,352.512,5,3,"2,4,10"
82,13,373.181,247.712,5,5,"6,7,9,11,15"
82,14,106.442,84.2136,5,3,"1,5,18"
82,15,443.042,195.27,5,4,"6,7,11,13"
82,16,66.2388,369.878,5,1,"2"
82,17,380.495,58.0413,5,0,""
82,18,108.477,168.556,5,5,"0,1,5,14,19"
82,19,146.842,244.506,5,2,"0,18"
83,0,163.114,242.72,5,2,"18,19"
83,1,171.95,136.585,5,3,"5,14,18"
83,2,102.04,360.05,5,2,"12,16"
83,3,417.697,402.813,5,0,""
83,4,270.883,359.786,5,1,"12"
83,5,183.743,97.8056,5,3,"1,14,18"
83,6,414.92,210.179,5,4,"7,11,13,15"
83,7,391.053,260.041,5,4,"6,11,13,15"
83,8,316.755,463.737,5,0,""
83,9,316.895,179.513,5,1,"13"
83,10,183.243,436.933,5,1,"12"
83,11,443.092,287.393,5,4,"6,7,13,15"
83,12,184.082,353.248,5,3,"2,4,10"
83,13,369.606,251.207,5,5,"6,7,9,11,15"
83,14,101.938,82.042,5,3,"1,5,18"
83,15,438.127,196.189,5,4,"6,7,11,13"
83,16,70.1703,366.789,5,1,"2"
83,17,376.46,60.9949,5,0,""
83,18,113.466,168.88,5,5,"0,1,5,14,19"
83,19,146.498,239.518,5,2,"0,18"
84,0,167.726,244.652,5,2,"18,19"
84,1,168.656,132.823,5,3,"5,14,18"
84,2,99.1318,364.117,5,2,"12,16"
84,3,413.317,400.402,5,0,""
84,4,269.363,364.549,5,1,"12"
84,5,184.343,92.8418,5,2,"1,14"
84,6,418.808,207.035,5,4,"7,11,13,15"
84,7,395.675,261.949,5,4,"6,11,13,15"
84,8,320.381,467.181,5,0,""
84,9,320.596,176.151,5,1,"13"
84,10,186.496,433.136,5,1,"12"
84,11,439.544,283.87,5,4,"6,7,13,15"
84,12,179.137,353.985,5,3,"2,4,10"
84,13,366.03,254.703,5,5,"6,7,9,11,15"
84,14,97.4345,79.8704,5,3,"1,5,18"
84,15,433.212,197.108,5,4,"6,7,11,13"
84,16,74.1018,363.699,5,1,"2"
84,17,372.426,63.9486,5,0,""
84,18,118.456,169.204,5,4,"0,1,14,19"
84,19,146.154,234.53,5,2,"0,18"
85,0,172.337,246.584,5,2,"18,19"
85,1,165.363,129.06,5,3,"5,14,18"
85,2,96.2236,368.185,5,2,"12,16"
85,3,408.937,397.99,5,0,""
85,4,267.843,369.313,5,2,"10,12"
85,5,184.943,87.878,5,2,"1,14"
85,6,422.695,203.89,5,4,"7,11,13,15"
85,7,400.297,263.856,5,4,"6,11,13,15"
85,8,324.006,470.624,5,0,""
85,9,324.298,172.79,5,1,"13"
85,10,189.749,429.339,5,2,"4,12"
85,11,435.996,280.347,5,4,"6,7,13,15"
85,12,174.191,354.721,5,4,"2,4,10,16"
85,13,362.455,258.198,5,5,"6,7,9,11,15"
85,14,92.9307,77.6987,5,3,"1,5,18"
85,15,428.297,198.027,5,4,"6,7,11,13"
85,16,78.0333,360.61,5,2,"2,12"
85,17,368.392,66.9023,5,0,""
85,18,123.445,169.527,5,4,"0,1,14,19"
85,19,145.81,229.541,5,2,"0,18"
86,0,176.949,248.516,5,2,"18,19"
86,1,162.07,125.298,5,3,"5,14,18"
86,2,93.3154,372.252,5,2,"12,16"
86,3,404.558,395.578,5,0,""
86,4,266.323,374.076,5,2,"10,12"
86,5,185.543,82.9141,5,2,"1,14"
86,6,426.582,200.746,5,4,"7,11,13,15"
86,7,404.919,265.763,5,4,"6,11,13,15"
86,8,326.057,472.571,0,0,""
86,9,327.999,169.428,5,2,"13,15"
86,10,193.002,425.542,5,2,"4,12"
86,11,432.448,276.824,5,4,"6,7,13,15"
86,12,169.246,355.457,5,4,"2,4,10,16"
86,13,358.879,261.693,5,5,"6,7,9,11,15"
86,14,88.427,75.5271,5,2,"1,5"
86,15,423.382,198.946,5,5,"6,7,9,11,13"
86,16,81.9649,357.521,5,2,"2,12"
86,17,364.357,69.8559,5,0,""
86,18,128.435,169.851,5,3,"0,1,19"
86,19,145.467,224.553,5,2,"0,18"
87,0,181.561,250.448,5,2,"18,19"
87,1,158.777,121.536,5,4,"5,14,18,19"
87,2,90.4072,376.319,5,2,"12,16"
87,3,400.178,393.167,5,0,""
87,4,264.803,378.839,5,1,"10"
87,5,186.143,77.9503,5,1,"1"
87,6,430.47,197.601,5,3,"7,11,15"
87,7,409.541,267.671,5,4,"6,11,13,15"
87,8,326.057,472.571,0,0,""
87,9,331.7,166.067,5,2,"15,17"
87,10,196.255,421.744,5,2,"4,12"
87,11,428.9,273.301,5,4,"6,7,13,15"
87,12,164.3,356.194,5,3,"2,10,16"
87,13,355.304,265.188,5,3,"7,11,15"
87,14,83.9232,73.3554,5,1,"1"
87,15,418.467,199.865,5,5,"6,7,9,11,13"
87,16,85.8964,354.432,5,2,"2,12"
87,17,360.323,72.8096,5,1,"9"
87,18,133.424,170.175,5,3,"0,1,19"
87,19,145.123,219.565,5,3,"0,1,18"
88,0,186.172,252.38,5,2,"18,19"
88,1,155.484,117.773,5,4,"5,14,18,19"
88,2,87.499,380.386,5,2,"12,16"
88,3,395.798,390.755,5,0,""
88,4,263.283,383.603,5,1,"10"
88,5,186.744,72.9864,5,1,"1"
88,6,434.357,194.457,5,3,"7,11,15"
88,7,414.162,269.578,5,4,"6,11,13,15"
88,8,325.642,470.439,5,0,""
88,9,335.402,162.705,5,2,"15,17"
88,10,199.508,417.947,5,2,"4,12"
88,11,425.352,269.778,5,4,"6,7,13,15"
88,12,159.355,356.93,5,3,"2,10,16"
88,13,351.729,268.684,5,3,"7,11,15"
88,14,79.4194,71.1838,5,1,"1"
88,15,413.553,200.784,5,5,"6,7,9,11,13"
88,16,89.8279,351.342,5,2,"2,12"
88,17,356.289,75.7632,5,1,"9"
88,18,138.414,170.498,5,3,"0,1,19"
88,19,144.779,214.577,5,3,"0,1,18"
89,0,190.784,254.312,5,2,"18,19"
89,1,152.191,114.011,5,4,"5,14,18,19"
89,2,84.5908,384.453,5,2,"12,16"
89,3,391.418,388.343,5,0,""
89,4,261.763,388.366,5,2,"8,10"
89,5,187.344,68.0226,5,1,"1"
89,6,438.244,191.312,5,3,"7,11,15"
89,7,418.784,271.485,5,4,"6,11,13,15"
89,8,324.689,465.53,5,1,"4"
89,9,339.103,159.344,5,2,"15,17"
89,10,202.761,414.15,5,2,"4,12"
89,11,421.804,266.255,5,4,"6,7,13,15"
89,12,154.409,357.667,5,3,"2,10,16"
89,13,348.153,272.179,5,3,"7,11,15"
89,14,74.9156,69.0122,5,1,"1"
89,15,408.638,201.703,5,5,"6,7,9,11,13"
89,16,93.7594,348.253,5,2,"2,12"
89,17,352.254,78.7169,5,1,"9"
89,18,143.403,170.822,5,3,"0,1,19"
89,19,144.435,209.589,5,3,"0,1,18"
90,0,195.396,256.244,5,2,"18,19"
90,1,148.897,110.249,5,4,"5,14,18,19"
90,2,81.6826,388.521,5,2,"12,16"
90,3,387.038,385.932,5,1,"8"
90,4,260.243,393.129,5,2,"8,10"
90,5,187.944,63.0588,5,1,"1"
90,6,442.132,188.168,5,3,"7,11,15"
90,7,423.406,273.393,5,4,"6,11,13,15"
90,8,323.735,460.622,5,2,"3,4"
90,9,342.804,155.982,5,2,"15,17"
90,10,206.014,410.353,5,2,"4,12"
90,11,418.256,262.732,5,4,"6,7,13,15"
90,12,149.464,358.403,5,3,"2,10,16"
90,13,344.578,275.674,5,3,"7,11,15"
90,14,70.4119,66.8405,5,1,"1"
90,15,403.723,202.622,5,5,"6,7,9,11,13"
90,16,97.6909,345.164,5,2,"2,12"
90,17,348.22,81.6706,5,1,"9"
90,18,148.393,171.146,5,3,"0,1,19"
90,19,144.091,204.601,5,3,"0,1,18"
91,0,200.007,258.176,5,2,"18,19"
91,1,145.604,106.486,5,4,"5,14,18,19"
91,2,78.7744,392.588,5,2,"12,16"
91,3,382.658,383.52,5,1,"8"
91,4,258.723,397.893,5,2,"8,10"
91,5,188.544,58.0949,5,1,"1"
91,6,446.019,185.023,5,3,"7,11,15"
91,7,428.028,275.3,5,4,"6,11,13,15"
91,8,322.782,455.714,5,2,"3,4"
91,9,346.506,152.62,5,2,"15,17"
91,10,209.267,406.556,5,2,"4,12"
91,11,414.708,259.209,5,4,"6,7,13,15"
91,12,144.518,359.14,5,3,"2,10,16"
91,13,341.002,279.169,5,3,"7,11,15"
91,14,65.9081,64.6689,5,1,"1"
91,15,398.808,203.541,5,5,"6,7,9,11,13"
91,16,101.622,342.075,5,2,"2,12"
91,17,344.186,84.6242,5,1,"9"
91,18,153.382,171.469,5,3,"0,1,19"
91,19,143.747,199.612,5,3,"0,1,18"
92,0,204.619,260.108,5,2,"18,19"
92,1,142.311,102.724,5,4,"5,14,18,19"
92,2,76.6912,395.501,0,2,"12,16"
92,3,378.278,381.108,5,1,"8"
92,4,257.203,402.656,5,2,"8,10"
92,5,189.145,53.1311,5,1,"1"
92,6,449.907,181.878,5,3,"7,11,15"
92,7,432.65,277.207,5,4,"6,11,13,15"
92,8,321.828,450.806,5,2,"3,4"
92,9,350.207,149.259,5,2,"15,17"
92,10,212.52,402.759,5,2,"4,12"
92,11,411.16,255.686,5,4,"6,7,13,15"
92,12,139.573,359.876,5,3,"2,10,16"
92,13,337.427,282.664,5,3,"7,11,15"
92,14,61.4043,62.4973,5,1,"1"
92,15,393.893,204.46,5,5,"6,7,9,11,13"
92,16,105.554,338.986,5,2,"2,12"
92,17,340.151,87.5779,5,1,"9"
92,18,158.372,171.793,5,3,"0,1,19"
92,19,143.404,194.624,5,3,"0,1,18"
93,0,209.231,262.04,5,1,"19"
93,1,139.018,98.9618,5,4,"5,14,18,19"
93,2,76.6912,395.501,0,2,"12,16"
93,3,373.898,378.697,5,1,"8"
93,4,255.683,407.419,5,2,"8,10"
93,5,189.745,48.1672,5,1,"1"
93,6,453.794,178.734,5,2,"11,15"
93,7,437.272,279.115,5,2,"11,15"
93,8,320.875,445.897,5,2,"3,4"
93,9,353.908,145.897,5,2,"15,17"
93,10,215.773,398.962,5,2,"4,12"
93,11,407.612,252.163,5,4,"6,7,13,15"
93,12,134.627,360.613,5,3,"2,10,16"
93,13,333.852,286.16,5,2,"11,15"
93,14,56.9005,60.3256,5,1,"1"
93,15,388.979,205.379,5,5,"6,7,9,11,13"
93,16,109.485,335.896,5,2,"2,12"
93,17,336.117,90.5315,5,1,"9"
93,18,163.361,172.117,5,2,"1,19"
93,19,143.06,189.636,5,3,"0,1,18"
94,0,213.842,263.972,5,0,""
94,1,135.725,95.1995,5,4,"5,14,18,19"
94,2,77.6268,394.435,5,2,"12,16"
94,3,369.518,376.285,5,2,"8,13"
94,4,254.163,412.183,5,2,"8,10"
94,5,190.345,43.2034,5,1,"1"
94,6,457.681,175.589,5,2,"11,15"
94,7,441.894,281.022,5,2,"11,15"
94,8,319.921,440.989,5,2,"3,4"
94,9,357.61,142.536,5,2,"15,17"
94,10,219.025,395.164,5,2,"4,12"
94,11,404.064,248.64,5,4,"6,7,13,15"
94,12,129.682,361.349,5,3,"2,10,16"
94,13,330.276,289.655,5,3,"3,11,15"
94,14,52.3968,58.154,5,1,"1"
94,15,384.064,206.298,5,5,"6,7,9,11,13"
94,16,113.417,332.807,5,2,"2,12"
94,17,332.083,93.4852,5,1,"9"
94,18,168.351,172.44,5,2,"1,19"
94,19,142.716,184.648,5,2,"1,18"
95,0,218.454,265.904,5,0,""
95,1,132.432,91.4371,5,4,"5,14,18,19"
95,2,80.9249,390.677,5,2,"12,16"
95,3,365.138,373.873,5,2,"8,13"
95,4,252.643,416.946,5,2,"8,10"
95,5,190.945,38.2396,5,1,"1"
95,6,461.569,172.445,5,2,"11,15"
95,7,446.516,282.929,5,1,"11"
95,8,318.968,436.081,5,2,"3,4"
95,9,361.311,139.174,5,2,"15,17"
95,10,222.278,391.367,5,1,"4"
95,11,400.516,245.117,5,4,"6,7,13,15"
95,12,124.736,362.085,5,2,"2,16"
95,13,326.701,293.15,5,2,"3,11"
95,14,47.893,55.9824,5,1,"1"
95,15,379.149,207.217,5,3,"6,9,11"
95,16,117.349,329.718,5,2,"2,12"
95,17,328.048,96.4389,5,1,"9"
95,18,173.34,172.764,5,2,"1,19"
95,19,142.372,179.66,5,2,"1,18"
96,0,223.066,267.836,5,0,""
96,1,129.139,87.6748,5,4,"5,14,18,19"
96,2,84.223,386.919,5,2,"12,16"
96,3,360.758,371.462,5,2,"8,13"
96,4,251.123,421.71,5,2,"8,10"
96,5,191.357,34.8348,0,1,"1"
96,6,465.456,169.3,5,2,"11,15"
96,7,451.138,284.837,5,1,"11"
96,8,318.014,431.173,5,2,"3,4"
96,9,365.013,135.813,5,2,"15,17"
96,10,225.531,387.57,5,1,"4"
96,11,396.968,241.594,5,4,"6,7,13,15"
96,12,119.791,362.822,5,2,"2,16"
96,13,323.125,296.645,5,2,"3,11"
96,14,43.3892,53.8107,5,1,"1"
96,15,374.234,208.136,5,3,"6,9,11"
96,16,121.28,326.629,5,2,"2,12"
96,17,324.014,99.3925,5,1,"9"
96,18,178.33,173.088,5,2,"1,19"
96,19,142.028,174.672,5,2,"1,18"
97,0,227.678,269.768,5,1,"13"
97,1,125.845,83.9125,5,3,"5,14,19"
97,2,87.5211,383.161,5,2,"12,16"
97,3,356.378,369.05,5,2,"8,13"
97,4,249.603,426.473,5,2,"8,10"
97,5,191.357,34.8348,0,1,"1"
97,6,469.344,166.156,5,0,""
97,7,455.76,286.744,5,1,"11"
97,8,317.061,426.264,5,3,"3,4,10"
97,9,368.714,132.451,5,2,"15,17"
97,10,228.784,383.773,5,2,"4,8"
97,11,393.42,238.071,5,3,"7,13,15"
97,12,114.845,363.558,5,2,"2,16"
97,13,319.55,300.14,5,3,"0,3,11"
97,14,38.8854,51.6391,5,1,"1"
97,15,369.319,209.055,5,2,"9,11"
97,16,125.212,323.54,5,2,"2,12"
97,17,319.98,102.346,5,1,"9"
97,18,183.319,173.412,5,1,"19"
97,19,141.947,173.483,0,2,"1,18"
98,0,232.289,271.7,5,1,"13"
98,1,122.552,80.1501,5,3,"5,14,19"
98,2,90.8192,379.403,5,2,"12,16"
98,3,351.998,366.638,5,2,"8,13"
98,4,248.083,431.236,5,2,"8,10"
98,5,191.272,36.403,5,1,"1"
98,6,473.231,163.011,5,0,""
98,7,456.505,287.052,0,1,"11"
98,8,316.107,421.356,5,3,"3,4,10"
98,9,372.415,129.09,5,2,"15,17"
98,10,232.037,379.976,5,2,"4,8"
98,11,389.871,234.548,5,2,"7,15"
98,12,109.9,364.295,5,2,"2,16"
98,13,315.975,303.636,5,2,"0,3"
98,14,34.3816,49.4675,5,1,"1"
98,15,364.405,209.975,5,2,"9,11"
98,16,129.143,320.45,5,2,"2,12"
98,17,315.945,105.3,5,1,"9"
98,18,188.309,173.735,5,1,"19"
98,19,141.947,173.483,0,2,"1,18"
99,0,236.901,273.632,5,1,"13"
99,1,119.259,76.3878,5,2,"5,14"
99,2,94.1173,375.645,5,2,"12,16"
99,3,347.618,364.227,5,2,"8,13"
99,4,246.563,436,5,2,"8,10"
99,5,191.003,41.3957,5,1,"1"
99,6,477.118,159.867,5,0,""
99,7,456.505,287.052,0,1,"11"
99,8,315.154,416.448,5,3,"3,4,10"
99,9,376.117,125.728,5,2,"15,17"
99,10,235.29,376.179,5,2,"4,8"
99,11,386.323,231.025,5,2,"7,15"
99,12,104.955,365.031,5,2,"2,16"
99,13,312.399,307.131,5,2,"0,3"
99,14,29.8779,47.2958,5,1,"1"
99,15,359.49,210.894,5,2,"9,11"
99,16,133.075,317.361,5,2,"2,12"
99,17,311.911,108.253,5,1,"9"
99,18,193.299,174.059,5,1,"19"
99,19,144.917,175.868,5,1,"18"
100,0,241.513,275.564,5,2,"10,13"
100,1,115.966,72.6255,5,2,"5,14"
100,2,97.4154,371.887,5,2,"12,16"
100,3,343.238,361.815,5,2,"8,13"
100,4,245.043,440.763,5,2,"8,10"
100,5,190.733,46.3884,5,1,"1"
100,6,481.006,156.722,5,0,""
100,7,455.868,291.197,5,1,"11"
100,8,314.2,411.54,5,3,"3,4,10"
100,9,379.818,122.366,5,2,"15,17"
100,10,238.543,372.382,5,4,"0,4,8,13"
100,11,382.775,227.502,5,2,"7,15"
100,12,100.009,365.768,5,2,"2,16"
100,13,308.824,310.626,5,3,"0,3,10"
100,14,25.3741,45.1242,5,1,"1"
100,15,354.575,211.813,5,2,"9,11"
100,16,137.006,314.272,5,2,"2,12"
100,17,307.877,111.207,5,1,"9"
100,18,198.288,174.383,5,1,"19"
100,19,148.816,178.997,5,1,"18"
101,0,246.124,277.496,5,2,"10,13"
101,1,112.673,68.8631,5,2,"5,14"
101,2,100.714,368.129,5,2,"12,16"
101,3,338.858,359.403,5,3,"8,10,13"
101,4,243.523,445.526,5,2,"8,10"
101,5,190.463,51.3811,5,1,"1"
101,6,484.893,153.577,5,0,""
101,7,455.109,296.139,5,0,""
101,8,313.247,406.631,5,4,"3,4,10,13"
101,9,383.519,119.005,5,2,"15,17"
101,10,241.796,368.584,5,5,"0,3,4,8,13"
101,11,379.227,223.979,5,1,"15"
101,12,95.0636,366.504,5,2,"2,16"
101,13,305.248,314.121,5,4,"0,3,8,10"
101,14,20.8703,42.9526,5,1,"1"
101,15,349.66,212.732,5,2,"9,11"
101,16,140.938,311.183,5,2,"2,12"
101,17,303.842,114.161,5,1,"9"
101,18,203.278,174.706,5,1,"19"
101,19,152.716,182.127,5,1,"18"
102,0,250.736,279.428,5,2,"10,13"
102,1,109.38,65.1008,5,2,"5,14"
102,2,104.012,364.371,5,2,"12,16"
102,3,334.479,356.992,5,3,"8,10,13"
102,4,242.003,450.29,5,2,"8,10"
102,5,190.193,56.3738,5,1,"1"
102,6,488.78,150.433,5,0,""
102,7,454.35,301.081,5,0,""
102,8,312.293,401.723,5,4,"3,4,10,13"
102,9,387.221,115.643,5,1,"17"
102,10,245.049,364.787,5,5,"0,3,4,8,13"
102,11,375.679,220.456,5,1,"15"
102,12,90.1181,367.241,5,2,"2,16"
102,13,301.673,317.616,5,4,"0,3,8,10"
102,14,20.4765,42.7627,0,1,"1"
102,15,344.745,213.651,5,1,"11"
102,16,144.869,308.094,5,2,"2,12"
102,17,299.808,117.114,5,1,"9"
102,18,208.267,175.03,5,1,"19"
102,19,156.615,185.257,5,1,"18"
103,0,255.348,281.36,5,2,"10,13"
103,1,106.086,61.3385,5,2,"5,14"
103,2,107.31,360.613,5,2,"12,16"
103,3,330.099,354.58,5,3,"8,10,13"
103,4,240.484,455.053,5,2,"8,10"
103,5,189.923,61.3666,5,1,"1"
103,6,492.668,147.288,5,0,""
103,7,453.591,306.023,5,0,""
103,8,311.34,396.815,5,4,"3,4,10,13"
103,9,390.922,112.282,5,1,"17"
103,10,248.302,360.99,5,5,"0,3,4,8,13"
103,11,372.131,216.933,5,1,"15"
103,12,85.1726,367.977,5,2,"2,16"
103,13,298.098,321.112,5,4,"0,3,8,10"
103,14,20.4765,42.7627,0,1,"1"
103,15,339.831,214.57,5,1,"11"
103,16,148.801,305.004,5,2,"2,12"
103,17,295.774,120.068,5,2,"9,18"
103,18,213.257,175.354,5,2,"17,19"
103,19,160.514,188.387,5,1,"18"
104,0,259.959,283.292,5,3,"3,10,13"
104,1,102.793,57.5761,5,2,"5,14"
104,2,110.608,356.855,5,2,"12,16"
104,3,325.719,352.168,5,4,"0,8,10,13"
104,4,238.964,459.817,5,1,"8"
104,5,189.653,66.3593,5,1,"1"
104,6,496.555,144.144,5,0,""
104,7,452.831,310.965,5,0,""
104,8,310.386,391.907,5,4,"3,4,10,13"
104,9,394.623,108.92,5,0,""
104,10,251.555,357.193,5,4,"0,3,8,13"
104,11,368.583,213.41,5,1,"15"
104,12,80.2272,368.713,5,2,"2,16"
104,13,294.522,324.607,5,4,"0,3,8,10"
104,14,20.5155,47.3253,5,1,"1"
104,15,334.916,215.489,5,1,"11"
104,16,152.732,301.915,5,2,"2,12"
104,17,291.739,123.022,5,1,"18"
104,18,218.246,175.677,5,2,"17,19"
104,19,164.413,191.517,5,1,"18"
105,0,264.571,285.224,5,4,"3,10,13,15"
105,1,99.5002,53.8138,5,2,"5,14"
105,2,113.906,353.097,5,2,"12,16"
105,3,321.339,349.757,5,4,"0,8,10,13"
105,4,237.444,464.58,5,0,""
105,5,189.384,71.352,5,1,"1"
105,6,496.667,144.053,0,0,""
105,7,452.072,315.907,5,0,""
105,8,309.433,386.999,5,3,"3,10,13"
105,9,398.325,105.559,5,0,""
105,10,254.808,353.396,5,4,"0,3,8,13"
105,11,365.035,209.887,5,1,"15"
105,12,75.2817,369.45,5,1,"2"
105,13,290.947,328.102,5,4,"0,3,8,10"
105,14,20.5582,52.3251,5,1,"1"
105,15,330.001,216.408,5,3,"0,11,17"
105,16,156.664,298.826,5,1,"2"
105,17,287.705,125.975,5,2,"15,18"
105,18,223.236,176.001,5,2,"17,19"
105,19,168.313,194.646,5,1,"18"
106,0,269.183,287.156,5,4,"3,10,13,15"
106,1,96.207,50.0515,5,2,"5,14"
106,2,117.204,349.339,5,2,"12,16"
106,3,316.959,347.345,5,4,"0,8,10,13"
106,4,237.405,464.701,0,0,""
106,5,189.114,76.3447,5,1,"1"
106,6,496.667,144.053,0,0,""
106,7,451.313,320.849,5,0,""
106,8,308.479,382.09,5,3,"3,10,13"
106,9,402.026,102.197,5,0,""
106,10,258.061,349.599,5,4,"0,3,8,13"
106,11,361.487,206.364,5,1,"15"
106,12,70.3362,370.186,5,1,"2"
106,13,287.371,331.597,5,4,"0,3,8,10"
106,14,20.6009,57.3249,5,1,"1"
106,15,325.086,217.327,5,3,"0,11,17"
106,16,160.595,295.737,5,2,"2,19"
106,17,283.67,128.929,5,2,"15,18"
106,18,228.225,176.325,5,2,"17,19"
106,19,172.212,197.776,5,2,"16,18"
107,0,273.794,289.088,5,5,"3,8,10,13,15"
107,1,92.9139,46.2892,5,1,"14"
107,2,120.502,345.581,5,2,"12,16"
107,3,312.579,344.933,5,4,"0,8,10,13"
107,4,237.405,464.701,0,0,""
107,5,188.844,81.3374,5,0,""
107,6,491.933,142.976,5,1,"9"
107,7,450.554,325.791,5,0,""
107,8,307.526,377.182,5,4,"0,3,10,13"
107,9,405.727,98.8356,5,1,"6"
107,10,261.314,345.802,5,4,"0,3,8,13"
107,11,357.939,202.841,5,1,"15"
107,12,65.3908,370.923,5,1,"2"
107,13,283.796,335.093,5,4,"0,3,8,10"
107,14,20.6436,62.3247,5,1,"1"
107,15,320.171,218.246,5,4,"0,11,17,18"
107,16,164.527,292.648,5,2,"2,19"
107,17,279.636,131.883,5,2,"15,18"
107,18,233.215,176.648,5,3,"15,17,19"
107,19,176.111,200.906,5,2,"16,18"
108,0,278.406,291.02,5,5,"3,8,10,13,15"
108,1,89.6207,42.5268,5,1,"14"
108,2,123.8,341.823,5,2,"12,16"
108,3,308.199,342.522,5,4,"0,8,10,13"
108,4,240.294,460.778,5,0,""
108,5,188.574,86.3301,5,1,"17"
108,6,487.057,141.867,5,1,"9"
108,7,449.794,330.733,5,0,""
108,8,306.572,372.274,5,4,"0,3,10,13"
108,9,409.429,95.4741,5,1,"6"
108,10,264.567,342.004,5,4,"0,3,8,13"
108,11,354.391,199.318,5,1,"15"
108,12,60.4453,371.659,5,1,"2"
108,13,280.221,338.588,5,4,"0,3,8,10"
108,14,20.6864,67.3246,5,1,"1"
108,15,315.256,219.165,5,4,"0,11,17,18"
108,16,168.458,289.558,5,2,"2,19"
108,17,275.602,134.836,5,3,"5,15,18"
108,18,238.204,176.972,5,3,"15,17,19"
108,19,180.011,204.036,5,2,"16,18"
109,0,283.018,292.952,5,5,"3,8,10,13,15"
109,1,86.3276,38.7645,5,1,"14"
109,2,127.098,338.065,5,2,"12,16"
109,3,303.819,340.11,5,4,"0,8,10,13"
109,4,243.259,456.752,5,0,""
109,5,188.304,91.3228,5,1,"17"
109,6,482.182,140.757,5,1,"9"
109,7,449.035,335.675,5,0,""
109,8,305.619,367.366,5,4,"0,3,10,13"
109,9,413.13,92.1125,5,1,"6"
109,10,267.82,338.207,5,4,"0,3,8,13"
109,11,350.843,195.795,5,2,"15,17"
109,12,55.4998,372.396,5,1,"2"
109,13,276.645,342.083,5,4,"0,3,8,10"
109,14,20.7291,72.3244,5,1,"1"
109,15,310.342,220.084,5,4,"0,11,17,18"
109,16,172.39,286.469,5,2,"2,19"
109,17,271.567,137.79,5,4,"5,11,15,18"
109,18,243.194,177.296,5,3,"15,17,19"
109,19,183.91,207.165,5,2,"16,18"
110,0,287.629,294.884,5,5,"3,8,10,13,15"
110,1,83.0344,35.0022,5,1,"14"
110,2,130.397,334.307,5,2,"12,16"
110,3,299.439,337.698,5,4,"0,8,10,13"
110,4,246.224,452.726,5,0,""
110,5,188.034,96.3155,5,1,"17"
110,6,477.307,139.648,5,1,"9"
110,7,448.276,340.617,5,0,""
110,8,304.665,362.457,5,4,"0,3,10,13"
110,9,416.831,88.751,5,1,"6"
110,10,271.073,334.41,5,4,"0,3,8,13"
110,11,347.295,192.273,5,2,"15,17"
110,12,50.5544,373.132,5,1,"2"
110,13,273.07,345.578,5,4,"0,3,8,10"
110,14,20.7718,77.3242,5,1,"1"
110,15,305.427,221.003,5,4,"0,11,17,18"
110,16,176.321,283.38,5,2,"2,19"
110,17,267.533,140.744,5,4,"5,11,15,18"
110,18,248.183,177.619,5,3,"15,17,19"
110,19,187.809,210.295,5,2,"16,18"
111,0,292.241,296.816,5,5,"3,8,10,13,15"
111,1,79.7413,31.2398,5,1,"14"
111,2,133.695,330.55,5,2,"12,16"
111,3,295.059,335.287,5,4,"0,8,10,13"
111,4,249.189,448.7,5,0,""
111,5,187.765,101.308,5,1,"17"
111,6,472.431,138.539,5,1,"9"
111,7,447.517,345.559,5,0,""
111,8,303.711,357.549,5,4,"0,3,10,13"
111,9,420.533,85.3894,5,1,"6"
111,10,274.326,330.613,5,4,"0,3,8,13"
111,11,343.747,188.75,5,3,"15,17,18"
111,12,45.6089,373.869,5,1,"2"
111,13,269.494,349.073,5,4,"0,3,8,10"
111,14,20.8145,82.324,5,1,"1"
111,15,300.512,221.922,5,4,"0,11,17,18"
111,16,180.253,280.291,5,2,"2,19"
111,17,263.499,143.697,5,4,"5,11,15,18"
111,18,253.173,177.943,5,4,"11,15,17,19"
111,19,191.708,213.425,5,2,"16,18"
112,0,296.853,298.748,5,5,"3,8,10,13,15"
112,1,76.4481,27.4775,5,1,"14"
112,2,136.993,326.792,5,1,"16"
112,3,290.679,332.875,5,4,"0,8,10,13"
112,4,252.153,444.674,5,1,"13"
112,5,187.495,106.301,5,1,"17"
112,6,467.556,137.43,5,1,"9"
112,7,446.758,350.501,5,0,""
112,8,302.758,352.641,5,4,"0,3,10,13"
112,9,424.234,82.0279,5,1,"6"
112,10,277.579,326.816,5,4,"0,3,8,13"
112,11,340.199,185.227,5,3,"15,17,18"
112,12,40.6634,374.605,5,0,""
112,13,265.919,352.569,5,5,"0,3,4,8,10"
112,14,20.8572,87.3238,5,1,"1"
112,15,295.597,222.841,5,4,"0,11,17,18"
112,16,184.184,277.202,5,2,"2,19"
112,17,259.464,146.651,5,5,"5,11,15,18,19"
112,18,258.162,178.267,5,4,"11,15,17,19"
112,19,195.608,216.555,5,3,"16,17,18"
113,0,301.464,300.679,5,5,"3,8,10,13,15"
113,1,73.155,23.7152,5,1,"14"
113,2,140.291,323.034,5,1,"16"
113,3,286.299,330.463,5,4,"0,8,10,13"
113,4,255.118,440.648,5,1,"13"
113,5,187.225,111.294,5,1,"17"
113,6,462.68,136.321,5,1,"9"
113,7,445.998,355.443,5,0,""
113,8,301.804,347.733,5,4,"0,3,10,13"
113,9,427.935,78.6663,5,1,"6"
113,10,280.832,323.019,5,5,"0,3,8,13,15"
113,11,336.651,181.704,5,3,"15,17,18"
113,12,35.718,375.341,5,0,""
113,13,262.343,356.064,5,5,"0,3,4,8,10"
113,14,20.9,92.3236,5,1,"1"
113,15,290.682,223.76,5,6,"0,10,11,17,18,19"
113,16,188.116,274.112,5,2,"2,19"
113,17,255.43,149.605,5,5,"5,11,15,18,19"
113,18,263.152,178.59,5,4,"11,15,17,19"
113,19,199.507,219.685,5,4,"15,16,17,18"
114,0,306.076,302.611,5,5,"3,8,10,13,15"
114,1,69.8618,19.9528,5,1,"14"
114,2,143.589,319.276,5,1,"16"
114,3,281.919,328.052,5,4,"0,8,10,13"
114,4,258.083,436.621,5,1,"13"
114,5,186.955,116.286,5,1,"17"
114,6,457.805,135.212,5,1,"9"
114,7,445.239,360.385,5,0,""
114,8,300.851,342.824,5,4,"0,3,10,13"
114,9,431.637,75.3048,5,1,"6"
114,10,284.085,319.222,5,5,"0,3,8,13,15"
114,11,333.103,178.181,5,3,"15,17,18"
114,12,30.7725,376.078,5,0,""
114,13,258.768,359.559,5,5,"0,3,4,8,10"
114,14,20.9427,97.3235,5,1,"1"
114,15,285.768,224.679,5,6,"0,10,11,17,18,19"
114,16,192.047,271.023,5,2,"2,19"
114,17,251.396,152.558,5,5,"5,11,15,18,19"
114,18,268.141,178.914,5,4,"11,15,17,19"
114,19,203.406,222.814,5,4,"15,16,17,18"
115,0,310.688,304.543,5,5,"3,8,10,13,15"
115,1,66.5686,16.1905,5,1,"14"
115,2,146.887,315.518,5,1,"16"
115,3,277.539,325.64,5,5,"0,8,10,13,16"
115,4,261.048,432.595,5,1,"13"
115,5,186.685,121.279,5,1,"17"
115,6,452.929,134.103,5,1,"9"
115,7,444.48,365.327,5,0,""
115,8,299.897,337.916,5,4,"0,3,10,13"
115,9,435.338,71.9432,5,1,"6"
115,10,287.338,315.424,5,5,"0,3,8,13,15"
115,11,329.554,174.658,5,3,"15,17,18"
115,12,25.827,376.814,5,0,""
115,13,255.193,363.054,5,5,"0,3,4,8,10"
115,14,20.9854,102.323,5,1,"1"
115,15,280.853,225.598,5,7,"0,10,11,16,17,18,19"
115,16,195.979,267.934,5,4,"2,3,15,19"
115,17,247.361,155.512,5,5,"5,11,15,18,19"
115,18,273.131,179.238,5,4,"11,15,17,19"
115,19,207.306,225.944,5,4,"15,16,17,18"
116,0,315.299,306.475,5,5,"3,8,10,13,15"
116,1,63.2755,12.4282,5,0,""
116,2,150.185,311.76,5,1,"16"
116,3,273.159,323.228,5,6,"0,8,10,13,15,16"
116,4,264.013,428.569,5,1,"13"
116,5,186.415,126.272,5,1,"17"
116,6,448.054,132.993,5,1,"9"
116,7,443.721,370.269,5,0,""
116,8,298.944,333.008,5,4,"0,3,10,13"
116,9,439.039,68.5817,5,1,"6"
116,10,290.59,311.627,5,5,"0,3,8,13,15"
116,11,326.006,171.135,5,3,"15,17,18"
116,12,21.8802,377.402,0,0,""
116,13,251.617,366.549,5,5,"0,3,4,8,10"
116,14,21.0281,107.323,5,0,""
116,15,275.938,226.517,5,8,"0,3,10,11,16,17,18,19"
116,16,199.91,264.845,5,4,"2,3,15,19"
116,17,243.327,158.466,5,5,"5,11,15,18,19"
116,18,278.12,179.562,5,4,"11,15,17,19"
116,19,211.205,229.074,5,4,"15,16,17,18"
117,0,319.911,308.407,5,5,"3,8,10,13,15"
117,1,62.6454,11.7083,0,0,""
117,2,153.483,308.002,5,2,"16,19"
117,3,268.779,320.817,5,6,"0,8,10,13,15,16"
117,4,266.978,424.543,5,1,"13"
117,5,186.146,131.265,5,1,"17"
117,6,443.179,131.884,5,1,"9"
117,7,442.961,375.211,5,0,""
117,8,297.99,328.1,5,4,"0,3,10,13"
117,9,442.741,65.2201,5,1,"6"
117,10,293.843,307.83,5,5,"0,3,8,13,15"
117,11,322.458,167.612,5,3,"15,17,18"
117,12,21.8802,377.402,0,0,""
117,13,248.042,370.045,5,5,"0,3,4,8,10"
117,14,21.0709,112.323,5,0,""
117,15,271.023,227.436,5,8,"0,3,10,11,16,17,18,19"
117,16,203.842,261.756,5,4,"2,3,15,19"
117,17,239.293,161.419,5,5,"5,11,15,18,19"
117,18,283.11,179.885,5,4,"11,15,17,19"
117,19,215.104,232.204,5,5,"2,15,16,17,18"
118,0,324.523,310.339,5,3,"3,8,10"
118,1,62.6454,11.7083,0,0,""
118,2,156.781,304.244,5,2,"16,19"
118,3,264.4,318.405,5,7,"0,8,10,13,15,16,19"
118,4,269.943,420.517,5,1,"13"
118,5,185.876,136.257,5,1,"17"
118,6,438.303,130.775,5,1,"9"
118,7,442.202,380.153,5,0,""
118,8,297.037,323.191,5,5,"0,3,10,13,15"
118,9,446.442,61.8586,5,1,"6"
118,10,297.096,304.033,5,5,"0,3,8,13,15"
118,11,318.91,164.089,5,3,"15,17,18"
118,12,22.8886,377.351,5,0,""
118,13,244.466,373.54,5,4,"3,4,8,10"
118,14,21.1136,117.323,5,0,""
118,15,266.108,228.356,5,8,"3,8,10,11,16,17,18,19"
118,16,207.773,258.666,5,5,"2,3,15,17,19"
118,17,235.258,164.373,5,6,"5,11,15,16,18,19"
118,18,288.099,180.209,5,4,"11,15,17,19"
118,19,219.003,235.334,5,6,"2,3,15,16,17,18"
119,0,329.134,312.271,5,3,"3,8,10"
119,1,63.8211,15.577,5,0,""
119,2,160.08,300.486,5,2,"16,19"
119,3,260.02,315.993,5,7,"0,8,10,13,15,16,19"
119,4,272.908,416.491,5,1,"13"
119,5,185.606,141.25,5,1,"17"
119,6,433.428,129.666,5,1,"9"
119,7,441.443,385.095,5,0,""
119,8,296.083,318.283,5,5,"0,3,10,13,15"
119,9,450.144,58.497,5,1,"6"
119,10,300.349,300.236,5,7,"0,3,8,13,15,16,19"
119,11,315.362,160.566,5,3,"15,17,18"
119,12,27.8822,377.097,5,0,""
119,13,240.891,377.035,5,4,"3,4,8,10"
119,14,21.1563,122.323,5,0,""
119,15,261.194,229.275,5,8,"3,8,10,11,16,17,18,19"
119,16,211.705,255.577,5,6,"2,3,10,15,17,19"
119,17,231.224,167.327,5,6,"5,11,15,16,18,19"
119,18,293.089,180.533,5,4,"11,15,17,19"
119,19,222.903,238.463,5,7,"2,3,10,15,16,17,18"
120,0,333.746,314.203,5,3,"3,8,10"
120,1,65.2749,20.3609,5,0,""
120,2,163.378,296.728,5,3,"3,16,19"
120,3,255.64,313.582,5,8,"0,2,8,10,13,15,16,19"
120,4,275.872,412.465,5,1,"13"
120,5,185.336,146.243,5,1,"17"
120,6,428.552,128.557,5,1,"9"
120,7,440.684,390.037,5,0,""
120,8,295.13,313.375,5,6,"0,3,10,13,15,19"
120,9,453.845,55.1355,5,1,"6"
120,10,303.602,296.439,5,6,"0,3,8,15,16,19"
120,11,311.814,157.043,5,3,"15,17,18"
120,12,32.8757,376.843,5,0,""
120,13,237.316,380.53,5,3,"3,4,8"
120,14,21.199,127.322,5,0,""
120,15,256.279,230.194,5,8,"3,8,10,11,16,17,18,19"
120,16,215.636,252.488,5,6,"2,3,10,15,17,19"
120,17,227.19,170.28,5,6,"5,11,15,16,18,19"
120,18,298.078,180.856,5,4,"11,15,17,19"
120,19,226.802,241.593,5,8,"2,3,8,10,15,16,17,18"
121,0,338.358,316.135,5,3,"3,8,10"
121,1,66.7287,25.1449,5,0,""
121,2,166.676,292.97,5,3,"3,16,19"
121,3,251.26,311.17,5,8,"0,2,8,10,13,15,16,19"
121,4,278.837,408.439,5,1,"13"
121,5,185.066,151.235,5,1,"17"
121,6,423.677,127.448,5,1,"9"
121,7,439.925,394.979,5,0,""
121,8,294.176,308.467,5,7,"0,3,10,13,15,16,19"
121,9,457.546,51.7739,5,1,"6"
121,10,306.855,292.642,5,6,"0,3,8,15,16,19"
121,11,308.266,153.52,5,3,"15,17,18"
121,12,37.8693,376.589,5,0,""
121,13,233.74,384.025,5,3,"3,4,8"
121,14,21.2417,132.322,5,0,""
121,15,251.364,231.113,5,8,"3,8,10,11,16,17,18,19"
121,16,219.568,249.399,5,7,"2,3,8,10,15,17,19"
121,17,223.155,173.234,5,6,"5,11,15,16,18,19"
121,18,303.068,181.18,5,4,"11,15,17,19"
121,19,230.701,244.723,5,8,"2,3,8,10,15,16,17,18"
122,0,342.969,318.067,5,3,"3,8,10"
122,1,68.1826,29.9289,5,0,""
122,2,169.974,289.212,5,4,"3,15,16,19"
122,3,246.88,308.758,5,8,"0,2,8,10,13,15,16,19"
122,4,281.802,404.413,5,1,"13"
122,5,184.796,156.228,5,3,"15,16,17"
122,6,418.801,126.338,5,1,"9"
122,7,439.165,399.921,5,0,""
122,8,293.223,303.558,5,6,"0,3,10,15,16,19"
122,9,461.248,48.4124,5,1,"6"
122,10,310.108,288.844,5,6,"0,3,8,15,16,19"
122,11,304.718,149.997,5,2,"17,18"
122,12,42.8628,376.335,5,0,""
122,13,230.165,387.521,5,2,"3,4"
122,14,21.2845,137.322,5,0,""
122,15,246.449,232.032,5,9,"2,3,5,8,10,16,17,18,19"
122,16,223.499,246.31,5,8,"2,3,5,8,10,15,17,19"
122,17,219.121,176.188,5,6,"5,11,15,16,18,19"
122,18,308.057,181.504,5,4,"11,15,17,19"
122,19,234.601,247.853,5,8,"2,3,8,10,15,16,17,18"
123,0,347.581,319.999,5,2,"8,10"
123,1,69.6364,34.7129,5,0,""
123,2,173.272,285.454,5,4,"3,15,16,19"
123,3,242.5,306.347,5,7,"2,8,10,13,15,16,19"
123,4,284.767,400.386,5,1,"13"
123,5,184.527,161.221,5,3,"15,16,17"
123,6,413.926,125.229,5,1,"9"
123,7,438.406,404.863,5,0,""
123,8,292.269,298.65,5,6,"0,3,10,15,16,19"
123,9,464.949,45.0508,5,1,"6"
123,10,313.361,285.047,5,6,"0,3,8,15,16,19"
123,11,301.17,146.474,5,2,"17,18"
123,12,47.8564,376.081,5,0,""
123,13,226.589,391.016,5,2,"3,4"
123,14,21.3272,142.322,5,0,""
123,15,241.534,232.951,5,9,"2,3,5,8,10,16,17,18,19"
123,16,227.431,243.22,5,8,"2,3,5,8,10,15,17,19"
123,17,215.087,179.141,5,6,"5,11,15,16,18,19"
123,18,313.047,181.827,5,3,"11,15,17"
123,19,238.5,250.982,5,7,"2,3,8,10,15,16,17"
124,0,352.193,321.931,5,3,"4,8,10"
124,1,71.0902,39.4968,5,0,""
124,2,176.57,281.696,5,4,"3,15,16,19"
124,3,238.12,303.935,5,7,"2,8,10,13,15,16,19"
124,4,287.732,396.36,5,2,"0,13"
124,5,184.257,166.214,5,3,"15,16,17"
124,6,409.051,124.12,5,0,""
124,7,437.647,409.805,5,0,""
124,8,291.316,293.742,5,6,"0,3,10,15,16,19"
124,9,468.65,41.6893,5,0,""
124,10,316.614,281.25,5,7,"0,3,8,15,16,18,19"
124,11,297.622,142.951,5,2,"17,18"
124,12,52.8499,375.827,5,0,""
124,13,223.014,394.511,5,2,"3,4"
124,14,21.3699,147.322,5,0,""
124,15,236.62,233.87,5,9,"2,3,5,8,10,16,17,18,19"
124,16,231.362,240.131,5,8,"2,3,5,8,10,15,17,19"
124,17,211.052,182.095,5,5,"5,11,15,16,19"
124,18,318.036,182.151,5,3,"10,11,15"
124,19,242.399,254.112,5,7,"2,3,8,10,15,16,17"
125,0,356.804,323.863,5,3,"4,8,10"
125,1,72.544,44.2808,5,0,""
125,2,179.868,277.938,5,5,"3,15,16,17,19"
125,3,233.74,301.523,5,7,"2,8,10,13,15,16,19"
125,4,290.697,392.334,5,2,"0,13"
125,5,183.987,171.206,5,3,"15,16,17"
125,6,404.175,123.011,5,0,""
125,7,436.888,414.747,5,0,""
125,8,290.362,288.834,5,6,"0,3,10,15,16,19"
125,9,472.352,38.3277,5,0,""
125,10,319.867,277.453,5,7,"0,3,8,15,16,18,19"
125,11,294.074,139.428,5,2,"17,18"
125,12,57.8435,375.573,5,0,""
125,13,219.439,398.006,5,2,"3,4"
125,14,21.4126,152.321,5,0,""
125,15,231.705,234.789,5,8,"2,3,5,8,10,16,17,19"
125,16,235.294,237.042,5,8,"2,3,5,8,10,15,17,19"
125,17,207.018,185.049,5,6,"2,5,11,15,16,19"
125,18,323.026,182.475,5,2,"10,11"
125,19,246.298,257.242,5,7,"2,3,8,10,15,16,17"
126,0,361.416,325.795,5,3,"4,8,10"
126,1,73.9979,49.0648,5,0,""
126,2,183.166,274.18,5,6,"3,5,15,16,17,19"
126,3,229.36,299.112,5,6,"2,8,10,15,16,19"
126,4,293.662,388.308,5,2,"0,13"
126,5,183.717,176.199,5,4,"2,15,16,17"
126,6,399.3,121.902,5,1,"18"
126,7,436.129,419.689,5,0,""
126,8,289.409,283.926,5,6,"0,3,10,15,16,19"
126,9,476.053,34.9662,5,0,""
126,10,323.12,273.656,5,6,"0,3,8,16,18,19"
126,11,290.526,135.905,5,1,"18"
126,12,62.837,375.319,5,0,""
126,13,215.863,401.502,5,1,"4"
126,14,21.4554,157.321,5,0,""
126,15,226.79,235.708,5,7,"2,3,5,8,16,17,19"
126,16,239.226,233.953,5,8,"2,3,5,8,10,15,17,19"
126,17,202.984,188.002,5,5,"2,5,15,16,19"
126,18,328.015,182.798,5,3,"6,10,11"
126,19,250.198,260.372,5,7,"2,3,8,10,15,16,17"
127,0,366.028,327.727,5,3,"4,8,10"
127,1,75.4517,53.8488,5,0,""
127,2,186.464,270.422,5,6,"3,5,15,16,17,19"
127,3,224.98,296.7,5,5,"2,8,15,16,19"
127,4,296.626,384.282,5,2,"0,13"
127,5,183.447,181.192,5,4,"2,15,16,17"
127,6,394.424,120.793,5,1,"18"
127,7,435.369,424.631,5,0,""
127,8,288.455,279.017,5,6,"0,3,10,15,16,19"
127,9,479.754,31.6046,5,0,""
127,10,326.373,269.859,5,5,"0,8,16,18,19"
127,11,286.978,132.382,5,1,"18"
127,12,67.8306,375.066,5,0,""
127,13,212.288,404.997,5,1,"4"
127,14,21.4981,162.321,5,0,""
127,15,221.875,236.627,5,7,"2,3,5,8,16,17,19"
127,16,243.157,230.864,5,8,"2,3,5,8,10,15,17,19"
127,17,198.949,190.956,5,5,"2,5,15,16,19"
127,18,333.005,183.122,5,3,"6,10,11"
127,19,254.097,263.502,5,7,"2,3,8,10,15,16,17"
128,0,370.639,329.659,5,3,"4,8,10"
128,1,76.9055,58.6327,5,0,""
128,2,189.763,266.664,5,7,"3,5,8,15,16,17,19"
128,3,220.6,294.288,5,5,"2,8,15,16,19"
128,4,299.591,380.256,5,2,"0,13"
128,5,183.177,186.184,5,4,"2,15,16,17"
128,6,389.549,119.683,5,1,"18"
128,7,434.61,429.573,5,0,""
128,8,287.502,274.109,5,7,"0,2,3,10,15,16,19"
128,9,483.456,28.2431,5,0,""
128,10,329.626,266.062,5,5,"0,8,16,18,19"
128,11,283.43,128.859,5,1,"18"
128,12,72.8241,374.812,5,0,""
128,13,208.712,408.492,5,1,"4"
128,14,21.5408,167.321,5,0,""
128,15,216.96,237.546,5,7,"2,3,5,8,16,17,19"
128,16,247.089,227.774,5,8,"2,3,5,8,10,15,17,19"
128,17,194.915,193.91,5,5,"2,5,15,16,19"
128,18,337.994,183.446,5,3,"6,10,11"
128,19,257.996,266.631,5,7,"2,3,8,10,15,16,17"
129,0,375.251,331.591,5,2,"4,10"
129,1,78.3593,63.4167,5,0,""
129,2,193.061,262.906,5,7,"3,5,8,15,16,17,19"
129,3,216.22,291.877,5,6,"2,8,15,16,17,19"
129,4,302.556,376.23,5,1,"0"
129,5,182.908,191.177,5,4,"2,15,16,17"
129,6,384.673,118.574,5,1,"18"
129,7,433.851,434.515,5,0,""
129,8,286.548,269.201,5,6,"2,3,10,15,16,19"
129,9,487.157,24.8815,5,0,""
129,10,332.879,262.264,5,5,"0,8,16,18,19"
129,11,279.882,125.336,5,1,"18"
129,12,77.8177,374.558,5,0,""
129,13,205.137,411.987,5,0,""
129,14,21.5835,172.321,5,0,""
129,15,212.046,238.465,5,7,"2,3,5,8,16,17,19"
129,16,251.02,224.685,5,8,"2,3,5,8,10,15,17,19"
129,17,190.881,196.863,5,5,"2,3,5,15,16"
129,18,342.984,183.769,5,3,"6,10,11"
129,19,261.896,269.761,5,6,"2,3,8,10,15,16"
130,0,379.863,333.523,5,2,"4,10"
130,1,79.8132,68.2007,5,0,""
130,2,196.359,259.148,5,7,"3,5,8,15,16,17,19"
130,3,211.84,289.465,5,7,"2,5,8,15,16,17,19"
130,4,305.521,372.204,5,1,"0"
130,5,182.638,196.17,5,5,"2,3,15,16,17"
130,6,379.798,117.465,5,1,"18"
130,7,433.092,439.457,5,0,""
130,8,285.595,264.293,5,6,"2,3,10,15,16,19"
130,9,487.821,24.2789,0,0,""
130,10,336.132,258.467,5,5,"0,8,16,18,19"
130,11,276.334,121.813,5,1,"18"
130,12,82.0439,374.343,0,0,""
130,13,201.562,415.482,5,0,""
130,14,21.6262,177.321,5,0,""
130,15,207.131,239.384,5,7,"2,3,5,8,16,17,19"
130,16,254.952,221.596,5,8,"2,3,5,8,10,15,17,19"
130,17,186.846,199.817,5,5,"2,3,5,15,16"
130,18,347.973,184.093,5,3,"6,10,11"
130,19,265.795,272.891,5,6,"2,3,8,10,15,16"
131,0,384.474,335.455,5,2,"4,10"
131,1,81.267,72.9846,5,0,""
131,2,199.657,255.39,5,7,"3,5,8,15,16,17,19"
131,3,208.447,287.596,0,7,"2,5,8,15,16,17,19"
131,4,308.486,368.178,5,2,"0,19"
131,5,182.368,201.163,5,5,"2,3,15,16,17"
131,6,374.923,116.356,5,1,"18"
131,7,432.332,444.399,5,0,""
131,8,284.641,259.384,5,6,"2,3,10,15,16,19"
131,9,487.821,24.2789,0,0,""
131,10,339.385,254.67,5,5,"0,8,16,18,19"
131,11,272.786,118.29,5,0,""
131,12,82.0439,374.343,0,0,""
131,13,197.986,418.978,5,0,""
131,14,21.669,182.32,5,0,""
131,15,202.216,240.303,5,7,"2,3,5,8,16,17,19"
131,16,258.883,218.507,5,8,"2,3,5,8,10,15,17,19"
131,17,182.812,202.771,5,5,"2,3,5,15,16"
131,18,352.963,184.417,5,2,"6,10"
131,19,269.694,276.021,5,7,"2,3,4,8,10,15,16"
132,0,389.086,337.387,5,2,"4,10"
132,1,82.7208,77.7686,5,0,""
132,2,202.955,251.632,5,7,"3,5,8,15,16,17,19"
132,3,208.447,287.596,0,7,"2,5,8,15,16,17,19"
132,4,311.451,364.151,5,2,"0,19"
132,5,182.098,206.155,5,5,"2,3,15,16,17"
132,6,370.047,115.247,5,1,"18"
132,7,431.573,449.341,5,0,""
132,8,283.688,254.476,5,6,"2,3,10,15,16,19"
132,9,483.745,24.7595,5,0,""
132,10,342.638,250.873,5,5,"0,8,16,18,19"
132,11,269.237,114.767,5,0,""
132,12,81.5811,373.73,5,0,""
132,13,194.411,422.473,5,0,""
132,14,21.7117,187.32,5,0,""
132,15,197.301,241.222,5,7,"2,3,5,8,16,17,19"
132,16,262.815,215.418,5,9,"2,3,5,8,10,15,17,18,19"
132,17,178.778,205.724,5,5,"2,3,5,15,16"
132,18,357.952,184.741,5,3,"6,10,16"
132,19,273.593,279.151,5,7,"2,3,4,8,10,15,16"
133,0,393.698,339.319,5,1,"4"
133,1,84.1746,82.5526,5,0,""
133,2,206.253,247.874,5,7,"3,5,8,15,16,17,19"
133,3,209.57,287.677,5,7,"2,5,8,15,16,17,19"
133,4,314.416,360.125,5,2,"0,19"
133,5,181.828,211.148,5,5,"2,3,15,16,17"
133,6,365.172,114.138,5,2,"11,18"
133,7,430.814,454.283,5,0,""
133,8,282.734,249.568,5,6,"2,3,10,15,16,19"
133,9,478.78,25.3451,5,0,""
133,10,345.891,247.076,5,4,"8,16,18,19"
133,11,265.689,111.244,5,1,"6"
133,12,78.5687,369.739,5,0,""
133,13,190.835,425.968,5,0,""
133,14,21.7544,192.32,5,0,""
133,15,192.386,242.141,5,7,"2,3,5,8,16,17,19"
133,16,266.746,212.328,5,9,"2,3,5,8,10,15,17,18,19"
133,17,174.743,208.678,5,5,"2,3,5,15,16"
133,18,362.942,185.064,5,3,"6,10,16"
133,19,277.493,282.28,5,7,"2,3,4,8,10,15,16"
134,0,398.309,341.251,5,1,"4"
134,1,85.6285,87.3366,5,0,""
134,2,209.551,244.116,5,7,"3,5,8,15,16,17,19"
134,3,214.557,288.035,5,7,"2,5,8,15,16,17,19"
134,4,317.381,356.099,5,2,"0,19"
134,5,181.558,216.141,5,5,"2,3,15,16,17"
134,6,360.296,113.029,5,2,"11,18"
134,7,430.055,459.225,5,0,""
134,8,281.781,244.66,5,6,"2,3,10,15,16,19"
134,9,473.814,25.9307,5,0,""
134,10,349.144,243.279,5,4,"8,16,18,19"
134,11,262.141,107.721,5,1,"6"
134,12,75.5563,365.748,5,0,""
134,13,187.26,429.463,5,0,""
134,14,21.7971,197.32,5,0,""
134,15,187.471,243.06,5,6,"2,3,5,8,16,17"
134,16,270.678,209.239,5,8,"2,3,5,8,10,15,17,19"
134,17,170.709,211.632,5,5,"2,3,5,15,16"
134,18,367.931,185.388,5,2,"6,10"
134,19,281.392,285.41,5,6,"2,3,4,8,10,16"
135,0,402.921,343.183,5,1,"4"
135,1,87.0823,92.1205,5,0,""
135,2,212.849,240.358,5,7,"3,5,8,15,16,17,19"
135,3,219.544,288.393,5,7,"2,5,8,15,16,17,19"
135,4,320.345,352.073,5,2,"0,19"
135,5,181.289,221.133,5,5,"2,3,15,16,17"
135,6,355.421,111.919,5,2,"11,18"
135,7,429.296,464.167,5,0,""
135,8,280.827,239.751,5,6,"2,3,10,15,16,19"
135,9,468.848,26.5163,5,0,""
135,10,352.397,239.482,5,4,"8,16,18,19"
135,11,258.593,104.198,5,1,"6"
135,12,72.5439,361.758,5,0,""
135,13,183.685,432.958,5,0,""
135,14,21.8398,202.32,5,0,""
135,15,182.557,243.979,5,6,"2,3,5,8,16,17"
135,16,274.609,206.15,5,7,"2,3,5,8,10,15,19"
135,17,166.675,214.585,5,4,"2,3,5,15"
135,18,372.921,185.712,5,2,"6,10"
135,19,285.291,288.54,5,6,"2,3,4,8,10,16"
136,0,407.533,345.115,5,1,"4"
136,1,88.5361,96.9045,5,0,""
136,2,216.147,236.6,5,7,"3,5,8,15,16,17,19"
136,3,224.531,288.751,5,6,"2,5,8,15,17,19"
136,4,323.31,348.047,5,2,"0,19"
136,5,181.019,226.126,5,5,"2,3,8,15,17"
136,6,350.545,110.81,5,2,"11,18"
136,7,428.536,469.11,5,0,""
136,8,279.874,234.843,5,6,"2,3,5,10,16,19"
136,9,463.883,27.1019,5,0,""
136,10,355.65,235.684,5,4,"8,16,18,19"
136,11,255.045,100.675,5,1,"6"
136,12,69.5315,357.767,5,0,""
136,13,180.109,436.454,5,0,""
136,14,21.8826,207.319,5,0,""
136,15,177.642,244.898,5,4,"2,3,5,17"
136,16,278.541,203.061,5,4,"2,8,10,19"
136,17,162.64,217.539,5,4,"2,3,5,15"
136,18,377.91,186.035,5,2,"6,10"
136,19,289.191,291.67,5,6,"2,3,4,8,10,16"
137,0,412.144,347.047,5,1,"4"
137,1,89.9899,101.688,5,0,""
137,2,219.446,232.842,5,7,"3,5,8,15,16,17,19"
137,3,229.518,289.11,5,6,"2,5,8,15,17,19"
137,4,326.275,344.021,5,2,"0,19"
137,5,180.749,231.119,5,5,"2,3,8,15,17"
137,6,345.67,109.701,5,2,"11,18"
137,7,428.087,472.034,0,0,""
137,8,278.92,229.935,5,6,"2,3,5,10,16,19"
137,9,458.917,27.6875,5,0,""
137,10,358.903,231.887,5,4,"8,16,18,19"
137,11,251.497,97.1525,5,1,"6"
137,12,66.5191,353.776,5,0,""
137,13,176.534,439.949,5,0,""
137,14,21.9253,212.319,5,0,""
137,15,172.727,245.817,5,4,"2,3,5,17"
137,16,282.472,199.972,5,4,"2,8,10,19"
137,17,158.606,220.493,5,4,"2,3,5,15"
137,18,382.9,186.359,5,2,"6,10"
137,19,293.09,294.8,5,6,"2,3,4,8,10,16"
138,0,416.756,348.979,5,1,"4"
138,1,91.4438,106.472,5,0,""
138,2,222.744,229.084,5,6,"3,5,8,15,16,17"
138,3,234.505,289.468,5,5,"2,5,8,15,19"
138,4,329.24,339.995,5,2,"0,19"
138,5,180.479,236.112,5,5,"2,3,8,15,17"
138,6,340.795,108.592,5,2,"11,18"
138,7,428.087,472.034,0,0,""
138,8,277.967,225.027,5,6,"2,3,5,10,16,19"
138,9,453.952,28.2731,5,0,""
138,10,362.155,228.09,5,4,"8,16,18,19"
138,11,247.949,93.6295,5,1,"6"
138,12,63.5067,349.786,5,0,""
138,13,172.958,443.444,5,0,""
138,14,21.968,217.319,5,0,""
138,15,167.812,246.737,5,4,"2,3,5,17"
138,16,286.404,196.882,5,3,"2,8,10"
138,17,154.572,223.446,5,3,"2,5,15"
138,18,387.889,186.683,5,2,"6,10"
138,19,296.989,297.929,5,4,"3,4,8,10"
139,0,421.368,350.911,5,1,"4"
139,1,92.8976,111.256,5,0,""
139,2,226.042,225.326,5,6,"3,5,8,15,16,17"
139,3,239.493,289.826,5,5,"2,5,8,15,19"
139,4,332.205,335.969,5,2,"0,19"
139,5,180.209,241.104,5,5,"2,3,8,15,17"
139,6,335.919,107.483,5,3,"11,16,18"
139,7,426.351,470.961,5,0,""
139,8,277.013,220.118,5,6,"2,3,5,10,16,19"
139,9,448.986,28.8587,5,0,""
139,10,365.408,224.293,5,3,"8,16,18"
139,11,244.401,90.1066,5,1,"6"
139,12,60.4943,345.795,5,0,""
139,13,169.383,446.939,5,0,""
139,14,22.0107,222.319,5,0,""
139,15,162.897,247.656,5,4,"2,3,5,17"
139,16,289.183,194.699,0,4,"2,6,8,10"
139,17,150.537,226.4,5,3,"2,5,15"
139,18,392.879,187.006,5,2,"6,10"
139,19,300.888,301.059,5,3,"3,4,8"
140,0,425.979,352.843,5,1,"4"
140,1,94.3514,116.04,5,0,""
140,2,229.34,221.568,5,6,"3,5,8,15,16,17"
140,3,244.48,290.184,5,6,"2,4,5,8,15,19"
140,4,335.17,331.943,5,3,"0,3,19"
140,5,179.939,246.097,5,4,"2,3,15,17"
140,6,331.044,106.374,5,2,"11,16"
140,7,422.098,468.332,5,0,""
140,8,276.059,215.21,5,5,"2,3,10,16,19"
140,9,444.021,29.4444,5,0,""
140,10,368.661,220.496,5,3,"8,16,18"
140,11,240.853,86.5836,5,1,"6"
140,12,57.4819,341.804,5,0,""
140,13,165.808,450.434,5,0,""
140,14,22.0535,227.319,5,0,""
140,15,157.983,248.575,5,4,"2,3,5,17"
140,16,289.183,194.699,0,4,"2,6,8,10"
140,17,146.503,229.354,5,3,"2,5,15"
140,18,397.868,187.33,5,1,"10"
140,19,304.788,304.189,5,3,"3,4,8"
141,0,430.591,354.775,5,1,"4"
141,1,95.8052,120.824,5,0,""
141,2,232.638,217.81,5,6,"3,5,8,15,16,17"
141,3,249.467,290.542,5,5,"2,4,5,8,19"
141,4,338.135,327.916,5,3,"0,3,19"
141,5,179.67,251.09,5,4,"2,3,15,17"
141,6,326.168,105.264,5,2,"11,16"
141,7,417.844,465.703,5,0,""
141,8,275.106,210.302,5,4,"2,3,10,16"
141,9,439.055,30.03,5,0,""
141,10,371.914,216.699,5,3,"8,16,18"
141,11,237.305,83.0606,5,1,"6"
141,12,54.4695,337.814,5,0,""
141,13,162.232,453.93,5,0,""
141,14,22.0962,232.319,5,0,""
141,15,153.068,249.494,5,3,"2,5,17"
141,16,290.609,195.034,5,4,"2,6,8,10"
141,17,142.469,232.307,5,3,"2,5,15"
141,18,402.858,187.654,5,1,"10"
141,19,308.687,307.319,5,2,"3,4"
142,0,435.203,356.707,5,1,"4"
142,1,97.2591,125.608,5,0,""
142,2,235.936,214.052,5,6,"3,5,8,15,16,17"
142,3,254.454,290.9,5,5,"2,4,5,8,19"
142,4,341.099,323.89,5,3,"0,3,19"
142,5,179.4,256.082,5,4,"2,3,15,17"
142,6,321.293,104.155,5,2,"11,16"
142,7,413.591,463.075,5,0,""
142,8,274.152,205.394,5,3,"2,3,16"
142,9,434.089,30.6156,5,0,""
142,10,375.167,212.902,5,2,"16,18"
142,11,233.757,79.5377,5,1,"6"
142,12,51.4571,333.823,5,0,""
142,13,158.657,457.425,5,0,""
142,14,22.1389,237.318,5,0,""
142,15,148.153,250.413,5,3,"2,5,17"
142,16,295.477,196.179,5,4,"2,6,8,10"
142,17,138.434,235.261,5,3,"2,5,15"
142,18,407.848,187.977,5,1,"10"
142,19,312.586,310.448,5,2,"3,4"
143,0,439.814,358.639,5,0,""
143,1,98.7129,130.392,5,0,""
143,2,239.234,210.294,5,4,"3,5,8,16"
143,3,259.441,291.258,5,5,"2,4,5,8,19"
143,4,344.064,319.864,5,2,"3,19"
143,5,179.13,261.075,5,4,"2,3,15,17"
143,6,316.417,103.046,5,2,"11,16"
143,7,409.338,460.446,5,0,""
143,8,273.199,200.485,5,3,"2,3,16"
143,9,429.124,31.2012,5,0,""
143,10,378.42,209.104,5,2,"16,18"
143,11,230.209,76.0147,5,1,"6"
143,12,48.4447,329.832,5,1,"14"
143,13,155.081,460.92,5,0,""
143,14,22.1816,242.318,5,1,"12"
143,15,143.238,251.332,5,2,"5,17"
143,16,300.344,197.324,5,4,"2,6,8,10"
143,17,134.4,238.215,5,2,"5,15"
143,18,412.837,188.301,5,1,"10"
143,19,316.486,313.578,5,2,"3,4"
144,0,444.426,360.571,5,0,""
144,1,100.167,135.176,5,0,""
144,2,242.532,206.536,5,4,"3,5,8,16"
144,3,264.428,291.616,5,5,"2,4,5,8,19"
144,4,347.029,315.838,5,2,"3,19"
144,5,178.86,266.068,5,4,"2,3,15,17"
144,6,311.542,101.937,5,2,"11,16"
144,7,405.085,457.817,5,0,""
144,8,272.245,195.577,5,3,"2,3,16"
144,9,424.158,31.7868,5,0,""
144,10,381.673,205.307,5,2,"16,18"
144,11,226.661,72.4917,5,1,"6"
144,12,45.4323,325.841,5,1,"14"
144,13,151.506,464.415,5,0,""
144,14,22.2243,247.318,5,1,"12"
144,15,138.323,252.251,5,2,"5,17"
144,16,305.211,198.469,5,4,"2,6,8,10"
144,17,130.366,241.168,5,2,"5,15"
144,18,417.827,188.625,5,1,"10"
144,19,320.385,316.708,5,2,"3,4"
145,0,449.038,362.502,5,0,""
145,1,101.621,139.96,5,0,""
145,2,245.83,202.778,5,4,"3,5,8,16"
145,3,269.416,291.974,5,4,"2,4,5,19"
145,4,347.032,315.834,0,2,"3,19"
145,5,178.59,271.061,5,4,"2,3,15,17"
145,6,306.667,100.828,5,3,"8,11,16"
145,7,400.832,455.188,5,0,""
145,8,271.292,190.669,5,3,"2,6,16"
145,9,419.193,32.3724,5,0,""
145,10,384.926,201.51,5,2,"16,18"
145,11,223.113,68.9688,5,1,"6"
145,12,42.4199,321.851,5,1,"14"
145,13,147.931,467.91,5,0,""
145,14,22.2671,252.318,5,1,"12"
145,15,133.409,253.17,5,2,"5,17"
145,16,310.078,199.613,5,4,"2,6,8,10"
145,17,126.331,244.122,5,2,"5,15"
145,18,422.816,188.948,5,1,"10"
145,19,324.284,319.838,5,2,"3,4"
146,0,453.649,364.434,5,0,""
146,1,103.074,144.744,5,0,""
146,2,249.129,199.02,5,3,"3,8,16"
146,3,274.403,292.333,5,4,"2,4,5,19"
146,4,347.032,315.834,0,2,"3,19"
146,5,178.32,276.053,5,3,"3,15,17"
146,6,301.791,99.7187,5,2,"8,11"
146,7,396.579,452.559,5,0,""
146,8,270.338,185.761,5,3,"2,6,16"
146,9,414.227,32.958,5,0,""
146,10,388.179,197.713,5,2,"16,18"
146,11,219.565,65.4458,5,1,"6"
146,12,39.4075,317.86,5,1,"14"
146,13,144.355,471.406,5,0,""
146,14,22.3098,257.318,5,1,"12"
146,15,128.494,254.089,5,2,"5,17"
146,16,314.945,200.758,5,3,"2,8,10"
146,17,122.297,247.076,5,2,"5,15"
146,18,425.875,189.147,0,1,"10"
146,19,328.183,322.968,5,2,"3,4"
147,0,458.261,366.366,5,0,""
147,1,104.528,149.528,5,0,""
147,2,252.427,195.262,5,2,"8,16"
147,3,279.39,292.691,5,3,"4,16,19"
147,4,343.423,312.382,5,2,"3,19"
147,5,178.051,281.046,5,2,"15,17"
147,6,296.916,98.6095,5,2,"8,11"
147,7,392.325,449.931,5,0,""
147,8,269.385,180.853,5,3,"2,6,16"
147,9,409.261,33.5436,5,0,""
147,10,391.432,193.916,5,2,"16,18"
147,11,216.017,61.9229,5,1,"6"
147,12,36.3951,313.869,5,1,"14"
147,13,140.78,474.901,5,0,""
147,14,22.3525,262.317,5,2,"12,17"
147,15,123.579,255.008,5,2,"5,17"
147,16,319.812,201.903,5,4,"2,3,8,10"
147,17,118.263,250.029,5,3,"5,14,15"
147,18,425.875,189.147,0,1,"10"
147,19,332.083,326.097,5,2,"3,4"
148,0,462.873,368.298,5,0,""
148,1,105.982,154.312,5,1,"17"
148,2,255.725,191.504,5,2,"8,16"
148,3,284.377,293.049,5,3,"4,16,19"
148,4,339.809,308.926,5,2,"3,19"
148,5,177.781,286.039,5,2,"15,17"
148,6,292.04,97.5004,5,2,"8,11"
148,7,388.072,447.302,5,0,""
148,8,268.431,175.944,5,3,"2,6,16"
148,9,404.296,34.1292,5,0,""
148,10,394.685,190.119,5,2,"16,18"
148,11,212.468,58.3999,5,1,"6"
148,12,33.3827,309.879,5,2,"14,17"
148,13,137.204,478.396,5,0,""
148,14,22.3952,267.317,5,3,"12,15,17"
148,15,118.664,255.927,5,3,"5,14,17"
148,16,324.68,203.048,5,4,"2,3,8,10"
148,17,114.228,252.983,5,5,"1,5,12,14,15"
148,18,423.94,189.122,5,1,"10"
148,19,335.982,329.227,5,2,"3,4"
149,0,467.484,370.23,5,0,""
149,1,107.436,159.096,5,2,"15,17"
149,2,259.023,187.746,5,3,"6,8,16"
149,3,289.364,293.407,5,3,"4,16,19"
149,4,336.196,305.47,5,2,"3,19"
149,5,177.511,291.031,5,2,"15,17"
149,6,287.165,96.3912,5,3,"2,8,11"
149,7,383.819,444.673,5,0,""
149,8,267.478,171.036,5,3,"2,6,16"
149,9,399.33,34.7149,5,0,""
149,10,397.938,186.322,5,2,"16,18"
149,11,208.92,54.8769,5,1,"6"
149,12,30.3703,305.888,5,3,"14,15,17"
149,13,133.629,481.891,5,0,""
149,14,22.4379,272.317,5,3,"12,15,17"
149,15,113.749,256.846,5,5,"1,5,12,14,17"
149,16,329.547,204.193,5,5,"2,3,8,10,18"
149,17,110.194,255.936,5,5,"1,5,12,14,15"
149,18,418.94,189.056,5,2,"10,16"
149,19,339.881,332.357,5,2,"3,4"
150,0,472.096,372.162,5,0,""
150,1,108.89,163.88,5,2,"15,17"
150,2,262.321,183.988,5,3,"6,8,16"
150,3,294.351,293.765,5,3,"4,16,19"
150,4,332.582,302.014,5,3,"3,16,19"
150,5,177.241,296.024,5,2,"15,17"
150,6,282.289,95.282,5,3,"2,8,11"
150,7,379.566,442.044,5,0,""
150,8,266.524,166.128,5,3,"2,6,16"
150,9,394.365,35.3005,5,0,""
150,10,401.191,182.524,5,2,"16,18"
150,11,205.498,51.4783,0,1,"6"
150,12,27.3579,301.897,5,3,"14,15,17"
150,13,130.054,485.387,5,0,""
150,14,22.4807,277.317,5,3,"12,15,17"
150,15,108.835,257.765,5,5,"1,5,12,14,17"
150,16,334.414,205.338,5,6,"2,3,4,8,10,18"
150,17,106.16,258.89,5,5,"1,5,12,14,15"
150,18,413.941,188.991,5,2,"10,16"
150,19,343.781,335.487,5,2,"3,4"
151,0,472.654,372.396,0,0,""
151,1,110.343,168.664,5,2,"15,17"
151,2,265.619,180.23,5,3,"6,8,16"
151,3,299.339,294.123,5,3,"4,16,19"
151,4,328.969,298.559,5,3,"3,16,19"
151,5,176.971,301.017,5,2,"15,17"
151,6,277.414,94.1729,5,3,"2,8,11"
151,7,375.313,439.416,5,0,""
151,8,265.571,161.22,5,3,"2,6,16"
151,9,389.399,35.8861,5,0,""
151,10,404.444,178.727,5,2,"16,18"
151,11,205.498,51.4783,0,1,"6"
151,12,24.3455,297.907,5,3,"14,15,17"
151,13,126.478,488.882,5,0,""
151,14,22.5234,282.317,5,3,"12,15,17"
151,15,103.92,258.684,5,5,"1,5,12,14,17"
151,16,339.281,206.482,5,6,"2,3,4,8,10,18"
151,17,102.125,261.844,5,5,"1,5,12,14,15"
151,18,408.941,188.925,5,2,"10,16"
151,19,346.03,337.292,0,2,"3,4"
152,0,472.654,372.396,0,0,""
152,1,111.797,173.448,5,2,"15,17"
152,2,268.917,176.472,5,3,"6,8,16"
152,3,304.326,294.481,5,3,"4,16,19"
152,4,325.355,295.103,5,3,"3,16,19"
152,5,176.701,306.01,5,2,"15,17"
152,6,272.539,93.0637,5,3,"2,8,11"
152,7,371.06,436.787,5,0,""
152,8,264.617,156.311,5,3,"2,6,16"
152,9,384.433,36.4717,5,0,""
152,10,407.697,174.93,5,2,"16,18"
152,11,205.668,51.4331,5,1,"6"
152,12,21.3331,293.916,5,3,"14,15,17"
152,13,124.092,491.215,0,0,""
152,14,22.5661,287.317,5,3,"12,15,17"
152,15,99.0049,259.603,5,5,"1,5,12,14,17"
152,16,344.148,207.627,5,6,"2,3,4,8,10,18"
152,17,98.0909,264.797,5,5,"1,5,12,14,15"
152,18,403.942,188.86,5,2,"10,16"
152,19,346.03,337.292,0,2,"3,4"
153,0,469.501,369.336,5,0,""
153,1,113.251,178.232,5,2,"15,17"
153,2,272.215,172.714,5,3,"6,8,16"
153,3,309.313,294.839,5,3,"4,16,19"
153,4,321.742,291.647,5,3,"3,16,19"
153,5,176.432,311.002,5,2,"15,17"
153,6,267.663,91.9546,5,3,"2,8,11"
153,7,366.806,434.158,5,1,"19"
153,8,263.664,151.403,5,2,"2,6"
153,9,379.468,37.0573,5,0,""
153,10,410.95,171.133,5,2,"16,18"
153,11,210.501,50.1518,5,1,"6"
153,12,19.8316,291.927,0,3,"14,15,17"
153,13,124.092,491.215,0,0,""
153,14,22.6088,292.316,5,3,"12,15,17"
153,15,94.0901,260.522,5,5,"1,5,12,14,17"
153,16,349.015,208.772,5,5,"2,3,4,10,18"
153,17,94.0565,267.751,5,5,"1,5,12,14,15"
153,18,398.942,188.794,5,2,"10,16"
153,19,344.057,338.056,5,3,"3,4,7"
154,0,465.912,365.854,5,0,""
154,1,114.705,183.016,5,2,"15,17"
154,2,275.513,168.956,5,3,"6,8,16"
154,3,314.3,295.197,5,3,"4,16,19"
154,4,318.128,288.191,5,3,"3,16,19"
154,5,176.162,315.995,5,1,"17"
154,6,262.788,90.8454,5,3,"2,8,11"
154,7,362.553,431.529,5,1,"19"
154,8,262.71,146.495,5,2,"2,6"
154,9,374.502,37.6429,5,0,""
154,10,414.203,167.336,5,2,"16,18"
154,11,215.334,48.8706,5,1,"6"
154,12,19.8316,291.927,0,3,"14,15,17"
154,13,124.142,489.553,5,0,""
154,14,22.6516,297.316,5,3,"12,15,17"
154,15,89.1753,261.441,5,4,"1,12,14,17"
154,16,353.883,209.917,5,5,"2,3,4,10,18"
154,17,90.0222,270.705,5,5,"1,5,12,14,15"
154,18,393.943,188.729,5,2,"10,16"
154,19,339.394,339.861,5,3,"3,4,7"
155,0,462.324,362.372,5,0,""
155,1,116.159,187.8,5,2,"15,17"
155,2,278.812,165.198,5,3,"6,8,16"
155,3,317.818,295.45,0,3,"4,16,19"
155,4,314.515,284.735,5,3,"3,16,19"
155,5,175.892,320.988,5,0,""
155,6,257.912,89.7363,5,3,"2,8,11"
155,7,358.3,428.9,5,1,"19"
155,8,261.757,141.587,5,2,"2,6"
155,9,369.537,38.2285,5,0,""
155,10,417.456,163.539,5,2,"16,18"
155,11,220.167,47.5893,5,1,"6"
155,12,22.3079,291.531,5,3,"14,15,17"
155,13,124.294,484.555,5,0,""
155,14,22.6943,302.316,5,3,"12,15,17"
155,15,84.2605,262.36,5,4,"1,12,14,17"
155,16,357.939,210.871,0,5,"2,3,4,10,18"
155,17,85.9879,273.658,5,4,"1,12,14,15"
155,18,388.943,188.664,5,2,"10,16"
155,19,334.731,341.666,5,3,"3,4,7"
156,0,458.735,358.891,5,0,""
156,1,117.613,192.584,5,2,"15,17"
156,2,282.11,161.44,5,3,"6,8,16"
156,3,317.818,295.45,0,3,"4,16,19"
156,4,310.901,281.28,5,3,"3,16,19"
156,5,175.622,325.98,5,0,""
156,6,253.037,88.6271,5,3,"2,8,11"
156,7,354.047,426.272,5,1,"19"
156,8,260.803,136.678,5,3,"2,6,11"
156,9,364.571,38.8141,5,0,""
156,10,420.709,159.742,5,2,"16,18"
156,11,225,46.3081,5,2,"6,8"
156,12,27.2452,290.742,5,3,"14,15,17"
156,13,124.445,479.557,5,0,""
156,14,22.737,307.316,5,3,"12,15,17"
156,15,79.3457,263.279,5,4,"1,12,14,17"
156,16,357.939,210.871,0,5,"2,3,4,10,18"
156,17,81.9535,276.612,5,4,"1,12,14,15"
156,18,383.943,188.598,5,2,"10,16"
156,19,330.069,343.471,5,3,"3,4,7"
157,0,455.147,355.409,5,0,""
157,1,119.066,197.368,5,2,"15,17"
157,2,285.408,157.682,5,4,"6,8,16,18"
157,3,318.228,294.036,5,3,"4,16,19"
157,4,307.288,277.824,5,3,"3,16,19"
157,5,175.352,330.973,5,0,""
157,6,248.162,87.5179,5,3,"2,8,11"
157,7,349.794,423.643,5,1,"19"
157,8,259.85,131.77,5,3,"2,6,11"
157,9,359.606,39.3997,5,0,""
157,10,423.962,155.944,5,2,"16,18"
157,11,229.833,45.0268,5,2,"6,8"
157,12,32.1825,289.952,5,3,"14,15,17"
157,13,124.596,474.56,5,0,""
157,14,22.7797,312.316,5,3,"12,15,17"
157,15,74.4309,264.198,5,4,"1,12,14,17"
157,16,357.125,211.044,5,5,"2,3,4,10,18"
157,17,77.9192,279.566,5,4,"1,12,14,15"
157,18,378.944,188.533,5,3,"2,10,16"
157,19,325.406,345.276,5,3,"3,4,7"
158,0,451.961,352.318,0,0,""
158,1,120.52,202.152,5,2,"15,17"
158,2,288.706,153.924,5,4,"6,8,16,18"
158,3,319.62,289.233,5,3,"4,16,19"
158,4,303.674,274.368,5,3,"3,16,19"
158,5,175.082,335.966,5,0,""
158,6,243.286,86.4088,5,3,"2,8,11"
158,7,345.54,421.014,5,1,"19"
158,8,258.896,126.862,5,3,"2,6,11"
158,9,354.64,39.9853,5,0,""
158,10,427.215,152.147,5,2,"16,18"
158,11,234.666,43.7456,5,2,"6,8"
158,12,37.1198,289.163,5,3,"14,15,17"
158,13,124.748,469.562,5,0,""
158,14,22.8224,317.315,5,3,"12,15,17"
158,15,69.516,265.118,5,4,"1,12,14,17"
158,16,352.234,212.084,5,5,"2,3,4,10,18"
158,17,73.8848,282.519,5,4,"1,12,14,15"
158,18,373.944,188.467,5,3,"2,10,16"
158,19,320.743,347.081,5,3,"3,4,7"
159,0,451.961,352.318,0,0,""
159,1,121.974,206.936,5,2,"15,17"
159,2,292.004,150.166,5,4,"6,8,16,18"
159,3,321.011,284.431,5,3,"4,16,19"
159,4,300.061,270.912,5,3,"3,16,19"
159,5,174.839,340.477,0,0,""
159,6,238.411,85.2996,5,3,"2,8,11"
159,7,341.287,418.385,5,1,"19"
159,8,257.943,121.954,5,3,"2,6,11"
159,9,349.674,40.571,5,0,""
159,10,430.468,148.35,5,1,"18"
159,11,239.5,42.4643,5,2,"6,8"
159,12,42.0571,288.373,5,3,"14,15,17"
159,13,124.899,464.564,5,0,""
159,14,22.8652,322.315,5,3,"12,15,17"
159,15,64.6012,266.037,5,4,"1,12,14,17"
159,16,347.343,213.123,5,4,"2,3,4,18"
159,17,69.8505,285.473,5,4,"1,12,14,15"
159,18,368.945,188.402,5,3,"2,10,16"
159,19,316.08,348.886,5,3,"3,4,7"
160,0,451.507,351.987,5,0,""
160,1,123.428,211.72,5,2,"15,17"
160,2,295.302,146.408,5,4,"6,8,16,18"
160,3,322.403,279.628,5,3,"4,16,19"
160,4,296.447,267.457,5,3,"3,16,19"
160,5,174.839,340.477,0,0,""
160,6,233.535,84.1905,5,3,"2,8,11"
160,7,337.034,415.757,5,1,"19"
160,8,256.989,117.045,5,3,"2,6,11"
160,9,344.709,41.1566,5,0,""
160,10,433.72,144.553,5,1,"18"
160,11,244.333,41.183,5,2,"6,8"
160,12,46.9944,287.584,5,3,"14,15,17"
160,13,125.051,459.567,5,0,""
160,14,22.9079,327.315,5,3,"12,15,17"
160,15,59.6864,266.956,5,4,"1,12,14,17"
160,16,342.452,214.163,5,4,"2,3,4,18"
160,17,65.8162,288.427,5,4,"1,12,14,15"
160,18,363.945,188.336,5,3,"2,10,16"
160,19,311.417,350.692,5,3,"3,4,7"
161,0,447.466,349.044,5,0,""
161,1,124.882,216.504,5,2,"15,17"
161,2,298.6,142.65,5,4,"6,8,16,18"
161,3,323.794,274.826,5,4,"4,16,18,19"
161,4,292.833,264.001,5,3,"3,16,19"
161,5,174.688,340.019,5,0,""
161,6,228.66,83.0813,5,3,"2,8,11"
161,7,332.781,413.128,5,1,"19"
161,8,256.036,112.137,5,3,"2,6,11"
161,9,339.743,41.7422,5,1,"11"
161,10,436.973,140.756,5,1,"18"
161,11,249.166,39.9018,5,3,"6,8,9"
161,12,51.9317,286.795,5,3,"14,15,17"
161,13,125.202,454.569,5,0,""
161,14,22.9506,332.315,5,3,"12,15,17"
161,15,54.7716,267.875,5,4,"1,12,14,17"
161,16,337.562,215.202,5,4,"2,3,4,18"
161,17,61.7818,291.38,5,4,"1,12,14,15"
161,18,358.946,188.271,5,4,"2,3,10,16"
161,19,306.755,352.497,5,3,"3,4,7"
162,0,443.424,346.1,5,0,""
162,1,126.336,221.288,5,2,"12,15"
162,2,301.898,138.892,5,4,"6,8,16,18"
162,3,325.186,270.023,5,4,"4,16,18,19"
162,4,289.22,260.545,5,4,"3,16,18,19"
162,5,173.129,335.269,5,0,""
162,6,223.784,81.9722,5,3,"2,8,11"
162,7,328.528,410.499,5,1,"19"
162,8,255.082,107.229,5,3,"2,6,11"
162,9,334.778,42.3278,5,1,"11"
162,10,440.226,136.959,5,0,""
162,11,253.999,38.6205,5,3,"6,8,9"
162,12,56.869,286.005,5,4,"1,14,15,17"
162,13,125.354,449.571,5,0,""
162,14,22.9933,337.315,5,3,"12,15,17"
162,15,49.8568,268.794,5,4,"1,12,14,17"
162,16,332.671,216.242,5,4,"2,3,4,18"
162,17,57.7475,294.334,5,3,"12,14,15"
162,18,353.946,188.206,5,4,"2,3,4,16"
162,19,302.092,354.302,5,3,"3,4,7"
163,0,439.382,343.157,5,0,""
163,1,127.789,226.072,5,2,"12,15"
163,2,305.196,135.134,5,4,"8,9,16,18"
163,3,326.577,265.221,5,4,"4,16,18,19"
163,4,285.606,257.089,5,4,"3,16,18,19"
163,5,171.569,330.518,5,0,""
163,6,218.909,80.863,5,2,"8,11"
163,7,324.275,407.87,5,1,"19"
163,8,254.129,102.321,5,4,"2,6,9,11"
163,9,329.812,42.9134,5,3,"2,8,11"
163,10,443.479,133.162,5,0,""
163,11,258.832,37.3393,5,3,"6,8,9"
163,12,61.8063,285.216,5,4,"1,14,15,17"
163,13,125.505,444.573,5,0,""
163,14,23.0361,342.315,5,3,"12,15,17"
163,15,44.942,269.713,5,4,"1,12,14,17"
163,16,327.78,217.281,5,4,"2,3,4,18"
163,17,53.7131,297.288,5,3,"12,14,15"
163,18,348.946,188.14,5,4,"2,3,4,16"
163,19,297.429,356.107,5,3,"3,4,7"
164,0,435.34,340.213,5,0,""
164,1,129.243,230.856,5,2,"12,15"
164,2,308.495,131.376,5,4,"8,9,16,18"
164,3,327.969,260.418,5,3,"4,16,18"
164,4,281.993,253.634,5,3,"3,16,18"
164,5,170.01,325.768,5,0,""
164,6,214.034,79.7538,5,2,"8,11"
164,7,320.021,405.241,5,1,"19"
164,8,253.175,97.4125,5,4,"2,6,9,11"
164,9,324.846,43.499,5,3,"2,8,11"
164,10,446.732,129.364,5,0,""
164,11,263.665,36.058,5,3,"6,8,9"
164,12,66.7436,284.426,5,4,"1,14,15,17"
164,13,125.657,439.576,5,0,""
164,14,23.0788,347.314,5,3,"12,15,17"
164,15,40.0272,270.632,5,4,"1,12,14,17"
164,16,322.889,218.321,5,4,"2,3,4,18"
164,17,49.6788,300.241,5,3,"12,14,15"
164,18,343.947,188.075,5,4,"2,3,4,16"
164,19,292.766,357.912,5,1,"7"
165,0,431.299,337.27,5,0,""
165,1,130.697,235.64,5,2,"5,12"
165,2,311.793,127.618,5,4,"8,9,16,18"
165,3,329.36,255.616,5,3,"4,16,18"
165,4,278.379,250.178,5,3,"3,16,18"
165,5,168.451,321.017,5,1,"1"
165,6,209.158,78.6447,5,2,"8,11"
165,7,315.768,402.613,5,1,"19"
165,8,252.222,92.5042,5,4,"2,6,9,11"
165,9,319.881,44.0846,5,3,"2,8,11"
165,10,449.985,125.567,5,0,""
165,11,268.498,34.7768,5,3,"6,8,9"
165,12,71.6809,283.637,5,4,"1,14,15,17"
165,13,125.808,434.578,5,0,""
165,14,23.1215,352.314,5,3,"12,15,17"
165,15,35.1124,271.551,5,3,"12,14,17"
165,16,317.999,219.36,5,4,"2,3,4,18"
165,17,45.6445,303.195,5,3,"12,14,15"
165,18,338.947,188.009,5,4,"2,3,4,16"
165,19,288.103,359.717,5,1,"7"
166,0,427.257,334.326,5,0,""
166,1,132.151,240.424,5,2,"5,12"
166,2,315.091,123.86,5,5,"8,9,11,16,18"
166,3,330.752,250.813,5,3,"4,16,18"
166,4,274.766,246.722,5,3,"3,16,18"
166,5,166.891,316.266,5,2,"1,12"
166,6,204.283,77.5355,5,2,"8,11"
166,7,311.515,399.984,5,1,"19"
166,8,251.268,87.596,5,4,"2,6,9,11"
166,9,314.915,44.6702,5,3,"2,8,11"
166,10,453.238,121.77,5,0,""
166,11,273.331,33.4955,5,4,"2,6,8,9"
166,12,76.6181,282.848,5,5,"1,5,14,15,17"
166,13,125.96,429.58,5,0,""
166,14,23.1642,357.314,5,3,"12,15,17"
166,15,30.1976,272.47,5,3,"12,14,17"
166,16,313.108,220.4,5,4,"2,3,4,18"
166,17,41.6101,306.149,5,3,"12,14,15"
166,18,333.948,187.944,5,4,"2,3,4,16"
166,19,283.441,361.522,5,1,"7"
167,0,423.215,331.383,5,0,""
167,1,133.605,245.208,5,2,"5,12"
167,2,318.389,120.102,5,4,"8,9,11,18"
167,3,332.143,246.011,5,3,"4,16,18"
167,4,271.152,243.266,5,3,"3,16,18"
167,5,165.332,311.516,5,2,"1,12"
167,6,199.407,76.4264,5,2,"8,11"
167,7,307.262,397.355,5,1,"19"
167,8,250.315,82.6878,5,4,"2,6,9,11"
167,9,309.95,45.2558,5,3,"2,8,11"
167,10,456.491,117.973,5,0,""
167,11,278.164,32.2143,5,4,"2,6,8,9"
167,12,81.5554,282.058,5,5,"1,5,14,15,17"
167,13,126.111,424.583,5,0,""
167,14,23.2069,362.314,5,3,"12,15,17"
167,15,25.2828,273.389,5,3,"12,14,17"
167,16,308.217,221.439,5,3,"3,4,18"
167,17,37.5758,309.102,5,3,"12,14,15"
167,18,328.948,187.878,5,4,"2,3,4,16"
167,19,278.778,363.327,5,1,"7"
168,0,419.173,328.439,5,0,""
168,1,135.059,249.992,5,2,"5,12"
168,2,321.687,116.344,5,4,"8,9,11,18"
168,3,333.535,241.208,5,3,"4,16,18"
168,4,267.539,239.81,5,3,"3,16,18"
168,5,163.772,306.765,5,2,"1,12"
168,6,194.532,75.3172,5,2,"8,11"
168,7,303.009,394.726,5,1,"19"
168,8,249.361,77.7795,5,4,"2,6,9,11"
168,9,304.984,45.8414,5,3,"2,8,11"
168,10,459.744,114.176,5,0,""
168,11,282.997,30.933,5,4,"2,6,8,9"
168,12,86.4927,281.269,5,4,"1,5,15,17"
168,13,126.263,419.585,5,0,""
168,14,23.2497,367.314,5,2,"15,17"
168,15,20.368,274.308,5,3,"12,14,17"
168,16,303.326,222.479,5,3,"3,4,18"
168,17,33.5414,312.056,5,3,"12,14,15"
168,18,323.949,187.813,5,4,"2,3,4,16"
168,19,274.115,365.132,5,1,"7"
169,0,415.132,325.496,5,0,""
169,1,136.512,254.776,5,2,"5,12"
169,2,324.985,112.586,5,4,"8,9,11,18"
169,3,334.926,236.406,5,3,"4,16,18"
169,4,263.925,236.355,5,3,"3,16,18"
169,5,162.213,302.015,5,2,"1,12"
169,6,189.656,74.2081,5,1,"8"
169,7,298.755,392.098,5,1,"19"
169,8,248.407,72.8713,5,4,"2,6,9,11"
169,9,300.018,46.4271,5,3,"2,8,11"
169,10,462.997,110.379,5,0,""
169,11,287.83,29.6517,5,3,"2,8,9"
169,12,91.43,280.479,5,4,"1,5,15,17"
169,13,126.414,414.587,5,0,""
169,14,23.2924,372.313,5,2,"15,17"
169,15,15.4531,275.227,5,3,"12,14,17"
169,16,298.436,223.518,5,3,"3,4,18"
169,17,29.5071,315.01,5,3,"12,14,15"
169,18,318.949,187.748,5,4,"2,3,4,16"
169,19,269.452,366.937,5,1,"7"
170,0,411.09,322.552,5,0,""
170,1,137.966,259.56,5,2,"5,12"
170,2,328.283,108.828,5,4,"8,9,11,18"
170,3,336.317,231.603,5,3,"4,16,18"
170,4,260.312,232.899,5,3,"3,16,18"
170,5,160.653,297.264,5,2,"1,12"
170,6,184.781,73.0989,5,1,"8"
170,7,294.502,389.469,5,1,"19"
170,8,247.982,70.6788,0,4,"2,6,9,11"
170,9,295.053,47.0127,5,3,"2,8,11"
170,10,466.25,106.582,5,0,""
170,11,292.663,28.3705,5,3,"2,8,9"
170,12,96.3673,279.69,5,4,"1,5,15,17"
170,13,126.565,409.589,5,0,""
170,14,23.3351,377.313,5,1,"17"
170,15,10.5383,276.146,5,2,"12,17"
170,16,293.545,224.558,5,3,"3,4,18"
170,17,25.4728,317.963,5,3,"12,14,15"
170,18,313.949,187.682,5,4,"2,3,4,16"
170,19,264.789,368.742,5,1,"7"
171,0,407.048,319.609,5,0,""
171,1,139.42,264.344,5,2,"5,12"
171,2,331.581,105.07,5,4,"8,9,11,18"
171,3,337.709,226.801,5,3,"4,16,18"
171,4,256.698,229.443,5,3,"3,16,18"
171,5,159.094,292.513,5,2,"1,12"
171,6,179.906,71.9897,5,1,"8"
171,7,290.249,386.84,5,1,"19"
171,8,247.982,70.6788,0,4,"2,6,9,11"
171,9,290.087,47.5983,5,3,"2,8,11"
171,10,469.503,102.784,5,0,""
171,11,297.496,27.0892,5,3,"2,8,9"
171,12,101.305,278.901,5,4,"1,5,15,17"
171,13,126.717,404.592,5,0,""
171,14,23.3778,382.313,5,1,"17"
171,15,8.3036,276.564,0,2,"12,17"
171,16,288.654,225.597,5,3,"3,4,18"
171,17,21.4384,320.917,5,3,"12,14,15"
171,18,308.95,187.617,5,4,"2,3,4,16"
171,19,260.127,370.547,5,1,"7"
172,0,403.006,316.666,5,0,""
172,1,140.874,269.128,5,2,"5,12"
172,2,334.879,101.312,5,4,"8,9,11,18"
172,3,339.1,221.999,5,3,"4,16,18"
172,4,253.085,225.987,5,3,"3,16,18"
172,5,157.534,287.763,5,2,"1,12"
172,6,175.03,70.8806,5,1,"8"
172,7,285.996,384.211,5,1,"19"
172,8,245.667,69.1628,5,4,"2,6,9,11"
172,9,285.122,48.1839,5,3,"2,8,11"
172,10,472.756,98.9873,5,0,""
172,11,302.329,25.808,5,3,"2,8,9"
172,12,106.242,278.111,5,4,"1,5,15,17"
172,13,126.868,399.594,5,0,""
172,14,23.4205,387.313,5,1,"17"
172,15,8.3036,276.564,0,2,"12,17"
172,16,283.763,226.637,5,3,"3,4,18"
172,17,17.4041,323.871,5,3,"12,14,15"
172,18,303.95,187.551,5,4,"2,3,4,16"
172,19,255.464,372.352,5,1,"7"
173,0,398.965,313.722,5,0,""
173,1,142.328,273.911,5,2,"5,12"
173,2,338.178,97.5543,5,3,"9,11,18"
173,3,340.492,217.196,5,3,"4,16,18"
173,4,249.471,222.532,5,3,"3,16,18"
173,5,155.975,283.012,5,2,"1,12"
173,6,170.155,69.7714,5,1,"8"
173,7,281.743,381.582,5,1,"19"
173,8,241.485,66.4231,5,3,"6,9,11"
173,9,280.156,48.7695,5,3,"2,8,11"
173,10,476.009,95.1902,5,0,""
173,11,307.162,24.5267,5,3,"2,8,9"
173,12,111.179,277.322,5,2,"1,5"
173,13,127.02,394.596,5,0,""
173,14,23.4633,392.313,5,1,"17"
173,15,9.0131,273.931,5,1,"17"
173,16,278.873,227.676,5,3,"3,4,18"
173,17,13.3698,326.824,5,2,"14,15"
173,18,298.951,187.486,5,4,"2,3,4,16"
173,19,250.801,374.158,5,1,"7"
174,0,394.923,310.779,5,0,""
174,1,143.781,278.695,5,2,"5,12"
174,2,341.476,93.7963,5,2,"9,11"
174,3,341.883,212.394,5,3,"4,16,18"
174,4,245.858,219.076,5,3,"3,16,18"
174,5,154.415,278.262,5,2,"1,12"
174,6,165.279,68.6623,5,1,"8"
174,7,277.49,378.954,5,1,"19"
174,8,237.302,63.6833,5,3,"6,9,11"
174,9,275.191,49.3551,5,3,"2,8,11"
174,10,479.262,91.3931,5,0,""
174,11,311.995,23.2455,5,3,"2,8,9"
174,12,116.116,276.532,5,2,"1,5"
174,13,127.171,389.599,5,0,""
174,14,23.506,397.313,5,1,"17"
174,15,10.3142,269.104,5,1,"17"
174,16,273.982,228.716,5,3,"3,4,18"
174,17,9.33541,329.778,5,2,"14,15"
174,18,293.951,187.42,5,3,"3,4,16"
174,19,246.138,375.963,5,1,"7"
175,0,390.881,307.835,5,0,""
175,1,145.235,283.479,5,2,"5,12"
175,2,344.774,90.0384,5,2,"9,11"
175,3,343.275,207.591,5,2,"16,18"
175,4,242.244,215.62,5,2,"16,18"
175,5,152.856,273.511,5,2,"1,12"
175,6,160.404,67.5531,5,1,"8"
175,7,273.236,376.325,5,1,"19"
175,8,233.12,60.9435,5,3,"6,9,11"
175,9,270.225,49.9407,5,3,"2,8,11"
175,10,482.515,87.5959,5,0,""
175,11,316.828,21.9642,5,3,"2,8,9"
175,12,121.054,275.743,5,2,"1,5"
175,13,127.323,384.601,5,0,""
175,14,23.5487,402.312,5,1,"17"
175,15,11.6153,264.276,5,1,"17"
175,16,269.091,229.755,5,3,"3,4,18"
175,17,5.30107,332.732,5,2,"14,15"
175,18,288.952,187.355,5,3,"3,4,16"
175,19,241.475,377.768,5,1,"7"
176,0,386.839,304.892,5,0,""
176,1,146.689,288.263,5,3,"5,12,13"
176,2,348.072,86.2804,5,2,"9,11"
176,3,344.666,202.789,5,2,"16,18"
176,4,238.63,212.164,5,2,"16,18"
176,5,151.297,268.76,5,2,"1,12"
176,6,155.528,66.444,5,1,"8"
176,7,268.983,373.696,5,1,"19"
176,8,228.937,58.2037,5,2,"6,9"
176,9,265.259,50.5263,5,3,"2,8,11"
176,10,485.768,83.7988,5,0,""
176,11,321.661,20.6829,5,2,"2,9"
176,12,125.991,274.954,5,2,"1,5"
176,13,127.474,379.603,5,1,"1"
176,14,23.5914,407.312,5,1,"17"
176,15,12.9164,259.448,5,1,"17"
176,16,264.2,230.795,5,3,"3,4,18"
176,17,1.26673,335.685,5,2,"14,15"
176,18,283.952,187.289,5,3,"3,4,16"
176,19,236.813,379.573,5,1,"7"
177,0,382.797,301.948,5,0,""
177,1,148.143,293.047,5,3,"5,12,13"
177,2,351.37,82.5224,5,2,"9,11"
177,3,346.058,197.986,5,2,"16,18"
177,4,235.017,208.708,5,2,"16,18"
177,5,149.737,264.01,5,2,"1,12"
177,6,150.653,65.3348,5,1,"8"
177,7,264.73,371.067,5,1,"19"
177,8,224.755,55.4639,5,2,"6,9"
177,9,260.294,51.1119,5,3,"2,8,11"
177,10,489.021,80.0016,5,0,""
177,11,326.494,19.4017,5,2,"2,9"
177,12,130.928,274.164,5,2,"1,5"
177,13,127.626,374.606,5,1,"1"
177,14,23.6342,412.312,5,1,"17"
177,15,14.2175,254.62,5,1,"17"
177,16,259.31,231.834,5,3,"3,4,18"
177,17,1.0011,335.88,0,2,"14,15"
177,18,278.952,187.224,5,3,"3,4,16"
177,19,232.15,381.378,5,1,"7"
178,0,378.756,299.005,5,0,""
178,1,149.597,297.831,5,3,"5,12,13"
178,2,354.668,78.7644,5,1,"11"
178,3,347.449,193.184,5,1,"18"
178,4,231.403,205.253,5,3,"5,16,18"
178,5,148.178,259.259,5,3,"1,4,12"
178,6,145.778,64.2257,5,1,"8"
178,7,260.477,368.439,5,1,"19"
178,8,220.572,52.7241,5,2,"6,9"
178,9,255.328,51.6976,5,2,"8,11"
178,10,492.274,76.2045,5,0,""
178,11,331.328,18.1204,5,2,"2,9"
178,12,135.866,273.375,5,3,"1,5,13"
178,13,127.777,369.608,5,2,"1,12"
178,14,23.6769,417.312,5,1,"17"
178,15,15.5186,249.793,5,1,"17"
178,16,254.419,232.874,5,2,"4,18"
178,17,1.0011,335.88,0,2,"14,15"
178,18,273.953,187.159,5,3,"3,4,16"
178,19,227.487,383.183,5,1,"7"
179,0,374.714,296.061,5,0,""
179,1,151.051,302.615,5,3,"5,12,13"
179,2,357.966,75.0064,5,1,"11"
179,3,348.841,188.381,5,1,"18"
179,4,227.79,201.797,5,3,"5,16,18"
179,5,146.618,254.509,5,3,"1,4,12"
179,6,140.902,63.1165,5,1,"8"
179,7,256.224,365.81,5,1,"19"
179,8,216.39,49.9843,5,2,"6,9"
179,9,250.363,52.2832,5,2,"8,11"
179,10,494.118,74.0513,0,0,""
179,11,336.161,16.8392,5,2,"2,9"
179,12,140.803,272.585,5,3,"1,5,13"
179,13,127.929,364.61,5,3,"1,12,19"
179,14,23.7196,422.312,5,1,"17"
179,15,16.8197,244.965,5,1,"17"
179,16,249.528,233.913,5,2,"4,18"
179,17,4.04924,332.341,5,2,"14,15"
179,18,268.953,187.093,5,3,"3,4,16"
179,19,222.824,384.988,5,2,"7,13"
180,0,370.672,293.118,5,0,""
180,1,152.504,307.399,5,3,"5,12,13"
180,2,361.264,71.2484,5,1,"11"
180,3,350.232,183.579,5,1,"18"
180,4,224.176,198.341,5,3,"5,16,18"
180,5,145.059,249.758,5,3,"1,4,12"
180,6,136.027,62.0073,5,1,"8"
180,7,251.971,363.181,5,1,"19"
180,8,212.207,47.2445,5,2,"6,9"
180,9,245.397,52.8688,5,1,"8"
180,10,494.118,74.0513,0,0,""
180,11,340.994,15.5579,5,1,"2"
180,12,145.74,271.796,5,3,"1,5,13"
180,13,128.08,359.612,5,3,"1,12,19"
180,14,23.7623,427.311,5,0,""
180,15,18.1208,240.137,5,1,"17"
180,16,244.637,234.953,5,2,"4,18"
180,17,7.31222,328.552,5,1,"15"
180,18,263.954,187.028,5,3,"3,4,16"
180,19,218.161,386.793,5,2,"7,13"
181,0,366.63,290.174,5,0,""
181,1,153.958,312.183,5,4,"5,12,13,19"
181,2,364.562,67.4904,5,1,"11"
181,3,351.624,178.776,5,1,"18"
181,4,220.563,194.885,5,3,"5,16,18"
181,5,143.499,245.008,5,4,"1,4,12,16"
181,6,131.151,60.8982,5,1,"8"
181,7,247.717,360.552,5,1,"19"
181,8,208.025,44.5047,5,2,"6,9"
181,9,240.431,53.4544,5,1,"8"
181,10,494.098,76.216,5,0,""
181,11,345.827,14.2767,5,1,"2"
181,12,150.678,271.007,5,4,"1,5,13,16"
181,13,128.231,354.615,5,3,"1,12,19"
181,14,23.805,432.311,5,0,""
181,15,19.4219,235.309,5,1,"17"
181,16,239.747,235.992,5,4,"4,5,12,18"
181,17,10.5752,324.764,5,1,"15"
181,18,258.954,186.962,5,3,"3,4,16"
181,19,213.499,388.598,5,3,"1,7,13"
182,0,362.589,287.231,5,0,""
182,1,155.412,316.967,5,5,"5,7,12,13,19"
182,2,367.861,63.7325,5,1,"11"
182,3,353.015,173.974,5,1,"18"
182,4,216.949,191.43,5,4,"5,12,16,18"
182,5,141.94,240.257,5,4,"1,4,12,16"
182,6,126.276,59.789,5,1,"8"
182,7,243.464,357.923,5,2,"1,19"
182,8,203.842,41.7649,5,2,"6,9"
182,9,235.466,54.04,5,1,"8"
182,10,494.051,81.2158,5,0,""
182,11,350.66,12.9954,5,1,"2"
182,12,155.615,270.217,5,5,"1,4,5,13,16"
182,13,128.383,349.617,5,3,"1,12,19"
182,14,23.8478,437.311,5,0,""
182,15,20.723,230.482,5,1,"17"
182,16,234.856,237.032,5,4,"4,5,12,18"
182,17,13.8382,320.975,5,1,"15"
182,18,253.955,186.897,5,3,"3,4,16"
182,19,208.836,390.403,5,3,"1,7,13"
183,0,358.547,284.287,5,0,""
183,1,156.866,321.751,5,5,"5,7,12,13,19"
183,2,371.159,59.9745,5,1,"11"
183,3,354.407,169.171,5,0,""
183,4,213.336,187.974,5,4,"5,12,16,18"
183,5,140.38,235.506,5,4,"1,4,12,16"
183,6,121.4,58.6799,5,1,"8"
183,7,239.211,355.295,5,2,"1,19"
183,8,199.66,39.0251,5,2,"6,9"
183,9,230.5,54.6256,5,1,"8"
183,10,494.004,86.2155,5,0,""
183,11,355.493,11.7142,5,1,"2"
183,12,160.552,269.428,5,5,"1,4,5,13,16"
183,13,128.534,344.619,5,3,"1,12,19"
183,14,23.8905,442.311,5,0,""
183,15,22.0241,225.654,5,1,"17"
183,16,229.965,238.071,5,4,"4,5,12,18"
183,17,17.1012,317.187,5,1,"15"
183,18,248.955,186.831,5,2,"4,16"
183,19,204.173,392.208,5,3,"1,7,13"
184,0,354.505,281.344,5,0,""
184,1,158.32,326.535,5,5,"5,7,12,13,19"
184,2,374.457,56.2165,5,1,"11"
184,3,355.798,164.369,5,0,""
184,4,209.722,184.518,5,4,"5,12,16,18"
184,5,138.821,230.756,5,4,"1,4,12,16"
184,6,116.525,57.5707,5,1,"8"
184,7,234.958,352.666,5,2,"1,19"
184,8,195.477,36.2854,5,2,"6,9"
184,9,225.535,55.2112,5,1,"8"
184,10,493.958,91.2153,5,0,""
184,11,357.893,11.0779,0,1,"2"
184,12,165.489,268.639,5,5,"1,4,5,13,16"
184,13,128.686,339.622,5,3,"1,12,19"
184,14,23.9332,447.311,5,0,""
184,15,23.3252,220.826,5,1,"17"
184,16,225.074,239.111,5,4,"4,5,12,18"
184,17,20.3642,313.398,5,1,"15"
184,18,243.955,186.766,5,2,"4,16"
184,19,199.51,394.013,5,3,"1,7,13"
185,0,350.463,278.4,5,0,""
185,1,159.774,331.319,5,4,"7,12,13,19"
185,2,377.755,52.4585,5,1,"11"
185,3,357.19,159.566,5,0,""
185,4,206.109,181.062,5,4,"5,12,16,18"
185,5,137.261,226.005,5,3,"4,12,16"
185,6,111.65,56.4616,5,1,"8"
185,7,230.705,350.037,5,2,"1,19"
185,8,191.294,33.5456,5,2,"6,9"
185,9,220.569,55.7968,5,1,"8"
185,10,493.911,96.2151,5,0,""
185,11,357.893,11.0779,0,1,"2"
185,12,170.427,267.849,5,5,"1,4,5,13,16"
185,13,128.837,334.624,5,3,"1,12,19"
185,14,23.9759,452.311,5,0,""
185,15,24.6263,215.998,5,1,"17"
185,16,220.184,240.15,5,4,"4,5,12,18"
185,17,23.6272,309.61,5,1,"15"
185,18,238.956,186.701,5,2,"4,16"
185,19,194.847,395.818,5,3,"1,7,13"
186,0,346.422,275.457,5,0,""
186,1,161.227,336.103,5,4,"7,12,13,19"
186,2,381.053,48.7005,5,1,"11"
186,3,358.581,154.764,5,0,""
186,4,202.495,177.606,5,4,"5,12,16,18"
186,5,135.702,221.255,5,3,"4,12,16"
186,6,106.774,55.3524,5,1,"8"
186,7,226.451,347.408,5,4,"1,12,13,19"
186,8,187.112,30.8058,5,2,"6,9"
186,9,215.603,56.3824,5,1,"8"
186,10,493.864,101.215,5,0,""
186,11,358.109,13.5858,5,1,"2"
186,12,175.364,267.06,5,7,"1,4,5,7,13,16,18"
186,13,128.989,329.626,5,4,"1,7,12,19"
186,14,24.0025,455.424,0,0,""
186,15,25.9274,211.171,5,1,"17"
186,16,215.293,241.19,5,4,"4,5,12,18"
186,17,26.8901,305.821,5,1,"15"
186,18,233.956,186.635,5,3,"4,12,16"
186,19,190.185,397.624,5,3,"1,7,13"
187,0,342.38,272.513,5,0,""
187,1,162.681,340.887,5,4,"7,12,13,19"
187,2,383.585,45.8149,0,1,"11"
187,3,359.973,149.961,5,0,""
187,4,198.882,174.151,5,4,"5,12,16,18"
187,5,134.143,216.504,5,4,"4,12,16,18"
187,6,101.899,54.2432,5,1,"8"
187,7,222.198,344.78,5,4,"1,12,13,19"
187,8,182.929,28.066,5,2,"6,9"
187,9,210.638,56.968,5,1,"8"
187,10,493.817,106.215,5,0,""
187,11,358.539,18.5673,5,1,"2"
187,12,180.301,266.27,5,7,"1,4,5,7,13,16,18"
187,13,129.14,324.628,5,4,"1,7,12,19"
187,14,24.0025,455.424,0,0,""
187,15,27.2285,206.343,5,1,"17"
187,16,210.402,242.229,5,4,"4,5,12,18"
187,17,30.1531,302.033,5,1,"15"
187,18,228.957,186.57,5,4,"4,5,12,16"
187,19,185.522,399.429,5,3,"1,7,13"
188,0,338.338,269.57,5,0,""
188,1,164.135,345.671,5,4,"7,12,13,19"
188,2,383.585,45.8149,0,1,"11"
188,3,361.364,145.159,5,0,""
188,4,195.268,170.695,5,4,"5,12,16,18"
188,5,132.583,211.753,5,4,"4,12,16,18"
188,6,97.0233,53.1341,5,1,"8"
188,7,217.945,342.151,5,5,"1,12,13,16,19"
188,8,178.747,25.3262,5,2,"6,9"
188,9,205.672,57.5537,5,1,"8"
188,10,493.77,111.214,5,0,""
188,11,358.969,23.5488,5,1,"2"
188,12,185.239,265.481,5,7,"1,4,5,7,13,16,18"
188,13,129.292,319.631,5,5,"1,7,12,17,19"
188,14,25.2044,453.971,5,0,""
188,15,28.5296,201.515,5,1,"17"
188,16,205.511,243.269,5,5,"4,5,7,12,18"
188,17,33.4161,298.244,5,2,"13,15"
188,18,223.957,186.504,5,4,"4,5,12,16"
188,19,180.859,401.234,5,3,"1,7,13"
189,0,334.296,266.626,5,0,""
189,1,165.589,350.455,5,4,"7,12,13,19"
189,2,383.891,46.9346,5,2,"3,11"
189,3,362.015,142.913,0,1,"2"
189,4,191.655,167.239,5,4,"5,12,16,18"
189,5,131.024,207.003,5,4,"4,12,16,18"
189,6,92.1479,52.0249,5,1,"8"
189,7,213.692,339.522,5,5,"1,12,13,16,19"
189,8,174.564,22.5864,5,2,"6,9"
189,9,200.707,58.1393,5,1,"8"
189,10,493.723,116.214,5,0,""
189,11,359.398,28.5303,5,1,"2"
189,12,190.176,264.692,5,7,"1,4,5,7,13,16,18"
189,13,129.443,314.633,5,4,"1,7,12,17"
189,14,28.3905,450.117,5,0,""
189,15,29.8307,196.687,5,1,"17"
189,16,200.621,244.308,5,5,"4,5,7,12,18"
189,17,36.6791,294.455,5,2,"13,15"
189,18,218.958,186.439,5,4,"4,5,12,16"
189,19,176.196,403.039,5,2,"1,7"
190,0,330.254,263.683,5,0,""
190,1,167.043,355.239,5,4,"7,12,13,19"
190,2,385.209,51.7579,5,2,"3,11"
190,3,362.015,142.913,0,1,"2"
190,4,188.041,163.783,5,3,"5,16,18"
190,5,129.464,202.252,5,5,"4,12,15,16,18"
190,6,87.2725,50.9158,5,1,"8"
190,7,209.439,336.893,5,5,"1,12,13,16,19"
190,8,170.382,19.8466,5,2,"6,9"
190,9,195.741,58.7249,5,1,"8"
190,10,493.677,121.214,5,0,""
190,11,359.828,33.5118,5,1,"2"
190,12,195.113,263.902,5,6,"1,5,7,13,16,18"
190,13,129.595,309.635,5,5,"1,7,12,16,17"
190,14,31.5766,446.264,5,0,""
190,15,31.1318,191.86,5,2,"5,17"
190,16,195.73,245.348,5,6,"4,5,7,12,13,18"
190,17,39.9421,290.667,5,2,"13,15"
190,18,213.958,186.373,5,4,"4,5,12,16"
190,19,171.533,404.844,5,2,"1,7"
191,0,326.213,260.739,5,0,""
191,1,168.496,360.023,5,3,"7,13,19"
191,2,386.527,56.5811,5,2,"3,11"
191,3,360.528,145.121,5,1,"2"
191,4,184.427,160.328,5,3,"5,16,18"
191,5,127.905,197.502,5,5,"4,12,15,16,18"
191,6,82.3971,49.8066,5,1,"8"
191,7,205.186,334.264,5,5,"1,12,13,16,19"
191,8,166.199,17.1068,5,2,"6,9"
191,9,190.776,59.3105,5,1,"8"
191,10,493.63,126.214,5,0,""
191,11,360.258,38.4933,5,1,"2"
191,12,200.05,263.113,5,5,"5,7,13,16,18"
191,13,129.746,304.638,5,5,"1,7,12,16,17"
191,14,34.7627,442.41,5,0,""
191,15,32.433,187.032,5,1,"5"
191,16,190.839,246.387,5,6,"4,5,7,12,13,18"
191,17,43.2051,286.878,5,1,"13"
191,18,208.958,186.308,5,4,"4,5,12,16"
191,19,166.871,406.649,5,2,"1,7"
192,0,322.171,257.796,5,0,""
192,1,169.95,364.807,5,3,"7,13,19"
192,2,387.844,61.4043,5,2,"3,11"
192,3,357.735,149.268,5,1,"2"
192,4,180.814,156.872,5,4,"5,9,16,18"
192,5,126.345,192.751,5,4,"4,15,16,18"
192,6,77.5216,48.6975,5,1,"8"
192,7,200.932,331.636,5,5,"1,12,13,16,19"
192,8,165.349,16.5499,0,2,"6,9"
192,9,185.81,59.8961,5,2,"4,8"
192,10,493.583,131.214,5,0,""
192,11,360.688,43.4748,5,1,"2"
192,12,204.988,262.323,5,4,"7,13,16,18"
192,13,129.898,299.64,5,5,"1,7,12,16,17"
192,14,37.9487,438.557,5,0,""
192,15,33.7341,182.204,5,1,"5"
192,16,185.948,247.427,5,6,"4,5,7,12,13,18"
192,17,46.4681,283.09,5,1,"13"
192,18,203.959,186.243,5,4,"4,5,12,16"
192,19,162.208,408.454,5,2,"1,7"
193,0,318.129,254.852,5,0,""
193,1,171.404,369.591,5,3,"7,13,19"
193,2,389.162,66.2276,5,2,"3,11"
193,3,354.942,153.415,5,1,"2"
193,4,177.2,153.416,5,4,"5,9,16,18"
193,5,124.786,188,5,4,"4,15,16,18"
193,6,72.6462,47.5883,5,1,"8"
193,7,196.679,329.007,5,5,"1,12,13,16,19"
193,8,165.349,16.5499,0,2,"6,9"
193,9,180.844,60.4817,5,2,"4,8"
193,10,493.536,136.213,5,0,""
193,11,361.117,48.4563,5,1,"2"
193,12,209.925,261.534,5,4,"7,13,16,18"
193,13,130.049,294.642,5,5,"1,7,12,16,17"
193,14,41.1348,434.703,5,0,""
193,15,35.0352,177.377,5,1,"5"
193,16,181.058,248.466,5,6,"4,5,7,12,13,18"
193,17,49.7311,279.301,5,1,"13"
193,18,198.959,186.177,5,4,"4,5,12,16"
193,19,157.545,410.259,5,2,"1,7"
194,0,314.087,251.909,5,1,"12"
194,1,172.858,374.375,5,3,"7,13,19"
194,2,390.48,71.0508,5,2,"3,11"
194,3,352.149,157.562,5,1,"2"
194,4,173.587,149.96,5,4,"5,9,16,18"
194,5,123.226,183.25,5,4,"4,15,16,18"
194,6,67.7708,46.4791,5,0,""
194,7,192.426,326.378,5,5,"1,12,13,16,19"
194,8,168.944,18.2653,5,1,"9"
194,9,175.879,61.0673,5,2,"4,8"
194,10,493.489,141.213,5,0,""
194,11,361.547,53.4378,5,1,"2"
194,12,214.862,260.745,5,5,"0,7,13,16,18"
194,13,130.2,289.645,5,5,"1,7,12,16,17"
194,14,44.3209,430.85,5,0,""
194,15,36.3363,172.549,5,1,"5"
194,16,176.167,249.506,5,6,"4,5,7,12,13,18"
194,17,52.994,275.513,5,1,"13"
194,18,193.96,186.112,5,4,"4,5,12,16"
194,19,152.882,412.064,5,2,"1,7"
195,0,310.046,248.965,5,2,"3,12"
195,1,174.312,379.159,5,2,"7,19"
195,2,391.798,75.8741,5,2,"3,11"
195,3,349.355,161.709,5,2,"0,2"
195,4,169.973,146.505,5,3,"5,9,18"
195,5,121.667,178.499,5,4,"4,15,16,18"
195,6,62.8954,45.37,5,0,""
195,7,188.173,323.749,5,5,"1,12,13,16,19"
195,8,173.457,20.4184,5,1,"9"
195,9,170.913,61.6529,5,2,"4,8"
195,10,493.443,146.213,5,0,""
195,11,361.977,58.4193,5,1,"2"
195,12,219.8,259.955,5,5,"0,7,13,16,18"
195,13,130.352,284.647,5,4,"7,12,16,17"
195,14,47.507,426.997,5,0,""
195,15,37.6374,167.721,5,1,"5"
195,16,171.276,250.545,5,5,"5,7,12,13,18"
195,17,56.257,271.724,5,1,"13"
195,18,188.96,186.046,5,4,"4,5,12,16"
195,19,148.219,413.869,5,2,"1,7"
196,0,306.004,246.022,5,2,"3,12"
196,1,175.766,383.943,5,2,"7,19"
196,2,393.115,80.6973,5,2,"3,11"
196,3,346.562,165.856,5,2,"0,2"
196,4,166.36,143.049,5,3,"5,9,18"
196,5,120.108,173.749,5,4,"4,15,16,18"
196,6,58.0199,44.2608,5,0,""
196,7,183.92,321.121,5,4,"1,12,13,16"
196,8,177.97,22.5715,5,1,"9"
196,9,165.948,62.2385,5,2,"4,8"
196,10,493.396,151.213,5,0,""
196,11,362.406,63.4008,5,1,"2"
196,12,224.737,259.166,5,5,"0,7,13,16,18"
196,13,130.503,279.649,5,4,"7,12,16,17"
196,14,50.6931,423.143,5,1,"19"
196,15,38.9385,162.893,5,1,"5"
196,16,166.385,251.584,5,5,"5,7,12,13,18"
196,17,59.52,267.936,5,1,"13"
196,18,183.961,185.981,5,4,"4,5,12,16"
196,19,143.557,415.674,5,2,"1,14"
197,0,301.962,243.078,5,2,"3,12"
197,1,177.219,388.727,5,2,"7,19"
197,2,394.433,85.5205,5,2,"3,11"
197,3,343.769,170.003,5,2,"0,2"
197,4,162.746,139.593,5,3,"5,9,18"
197,5,118.548,168.998,5,4,"4,15,16,18"
197,6,53.1445,43.1517,5,0,""
197,7,179.666,318.492,5,4,"1,12,13,16"
197,8,182.482,24.7247,5,1,"9"
197,9,160.982,62.8241,5,2,"4,8"
197,10,493.349,156.212,5,0,""
197,11,362.836,68.3823,5,1,"2"
197,12,229.674,258.376,5,4,"0,7,16,18"
197,13,130.655,274.651,5,3,"7,16,17"
197,14,53.8791,419.29,5,1,"19"
197,15,40.2396,158.066,5,1,"5"
197,16,161.495,252.624,5,6,"5,7,12,13,17,18"
197,17,62.783,264.147,5,2,"13,16"
197,18,180.782,185.939,0,4,"4,5,12,16"
197,19,141.071,416.637,0,2,"1,14"
198,0,297.92,240.135,5,2,"3,12"
198,1,178.673,393.511,5,2,"7,19"
198,2,395.751,90.3438,5,1,"11"
198,3,340.976,174.15,5,1,"0"
198,4,159.133,136.137,5,3,"5,9,18"
198,5,116.989,164.248,5,4,"4,15,16,18"
198,6,48.2691,42.0425,5,0,""
198,7,175.413,315.863,5,4,"1,12,13,16"
198,8,186.995,26.8778,5,1,"9"
198,9,160.639,62.8646,0,2,"4,8"
198,10,493.302,161.212,5,0,""
198,11,363.266,73.3638,5,1,"2"
198,12,234.611,257.587,5,4,"0,7,16,18"
198,13,130.806,269.654,5,4,"7,16,17,18"
198,14,57.0652,415.436,5,1,"19"
198,15,41.5407,153.238,5,1,"5"
198,16,156.604,253.663,5,6,"5,7,12,13,17,18"
198,17,66.046,260.359,5,2,"13,16"
198,18,180.782,185.939,0,5,"4,5,12,13,16"
198,19,141.071,416.637,0,2,"1,14"
199,0,293.879,237.191,5,2,"3,12"
199,1,180.127,398.295,5,2,"7,19"
199,2,397.068,95.167,5,1,"11"
199,3,338.183,178.297,5,1,"0"
199,4,155.519,132.681,5,3,"5,9,18"
199,5,115.429,159.497,5,3,"4,15,18"
199,6,43.3937,40.9334,5,0,""
199,7,171.16,313.234,5,4,"1,12,13,16"
199,8,191.508,29.0309,5,1,"9"
199,9,160.639,62.8646,0,2,"4,8"
199,10,493.255,166.212,5,0,""
199,11,363.696,78.3453,5,1,"2"
199,12,239.549,256.798,5,4,"0,7,16,18"
199,13,130.958,264.656,5,4,"7,16,17,18"
199,14,60.2513,411.583,5,1,"19"
199,15,41.7882,152.319,0,1,"5"
199,16,151.713,254.703,5,5,"7,12,13,17,18"
199,17,69.309,256.57,5,2,"13,16"
199,18,182.439,186.692,5,5,"4,5,12,13,16"
199,19,143.402,416.519,5,2,"1,14"
200,0,289.837,234.248,5,2,"3,12"
200,1,181.581,403.079,5,2,"7,19"
200,2,398.386,99.9903,5,1,"11"
200,3,335.39,182.445,5,1,"0"
200,4,151.906,129.226,5,3,"5,9,18"
200,5,113.87,154.746,5,4,"4,9,15,18"
200,6,38.5182,39.8242,5,0,""
200,7,166.907,310.605,5,4,"1,12,13,16"
200,8,196.02,31.184,5,1,"9"
200,9,159.688,67.4208,5,3,"4,5,8"
200,10,493.209,171.212,5,0,""
200,11,364.125,83.3268,5,1,"2"
200,12,244.486,256.008,5,4,"0,7,16,18"
200,13,131.109,259.658,5,4,"7,16,17,18"
200,14,63.4374,407.729,5,1,"19"
200,15,41.7882,152.319,0,1,"5"
200,16,146.822,255.742,5,5,"7,12,13,17,18"
200,17,72.572,252.782,5,2,"13,16"
200,18,186.992,188.76,5,5,"4,5,12,13,16"
200,19,148.395,416.266,5,2,"1,14"
201,0,285.795,231.304,5,2,"3,12"
201,1,183.035,407.863,5,1,"19"
201,2,399.704,104.814,5,1,"11"
201,3,332.596,186.592,5,1,"0"
201,4,148.292,125.77,5,3,"5,9,18"
201,5,112.31,149.996,5,4,"4,9,15,18"
201,6,37.4596,39.5834,0,0,""
201,7,162.654,307.977,5,2,"13,16"
201,8,200.533,33.3371,5,1,"9"
201,9,158.667,72.3154,5,3,"4,5,8"
201,10,493.162,176.212,5,0,""
201,11,364.555,88.3083,5,1,"2"
201,12,249.423,255.219,5,2,"0,18"
201,13,131.261,254.661,5,4,"7,16,17,18"
201,14,66.6235,403.876,5,1,"19"
201,15,45.6947,153.383,5,1,"5"
201,16,141.932,256.782,5,4,"7,13,17,18"
201,17,75.835,248.993,5,2,"13,16"
201,18,191.544,190.828,5,5,"4,5,12,13,16"
201,19,153.389,416.014,5,2,"1,14"
202,0,281.753,228.361,5,3,"3,12,18"
202,1,184.489,412.647,5,1,"19"
202,2,401.021,109.637,5,1,"11"
202,3,329.803,190.739,5,2,"0,12"
202,4,144.679,122.314,5,4,"5,9,15,18"
202,5,110.751,145.245,5,4,"4,9,15,18"
202,6,37.4596,39.5834,0,0,""
202,7,158.401,305.348,5,3,"13,16,17"
202,8,205.046,35.4903,5,1,"9"
202,9,157.646,77.21,5,3,"4,5,8"
202,10,493.115,181.211,5,0,""
202,11,364.985,93.2898,5,1,"2"
202,12,254.361,254.429,5,3,"0,3,18"
202,13,131.412,249.663,5,4,"7,16,17,18"
202,14,69.8095,400.023,5,1,"19"
202,15,50.5191,154.697,5,3,"4,5,17"
202,16,137.041,257.821,5,4,"7,13,17,18"
202,17,79.0979,245.205,5,4,"7,13,15,16"
202,18,196.097,192.895,5,6,"0,4,5,12,13,16"
202,19,158.383,415.761,5,2,"1,14"
203,0,277.712,225.417,5,3,"3,12,18"
203,1,185.942,417.431,5,1,"19"
203,2,402.339,114.46,5,1,"11"
203,3,327.01,194.886,5,2,"0,12"
203,4,141.065,118.858,5,4,"5,9,15,18"
203,5,109.191,140.495,5,3,"4,9,15"
203,6,40.247,42.3315,5,0,""
203,7,154.147,302.719,5,3,"13,16,17"
203,8,209.558,37.6434,5,1,"9"
203,9,156.625,82.1047,5,3,"4,5,8"
203,10,493.068,186.211,5,0,""
203,11,365.415,98.2713,5,1,"2"
203,12,259.298,253.64,5,3,"0,3,18"
203,13,131.564,244.665,5,4,"7,16,17,18"
203,14,72.9956,396.169,5,1,"19"
203,15,55.3434,156.011,5,3,"4,5,17"
203,16,132.15,258.861,5,4,"7,13,17,18"
203,17,82.3609,241.416,5,4,"7,13,15,16"
203,18,200.649,194.963,5,5,"0,4,12,13,16"
203,19,163.376,415.508,5,2,"1,14"
204,0,273.67,222.474,5,3,"3,12,18"
204,1,187.396,422.215,5,1,"19"
204,2,403.657,119.283,5,1,"11"
204,3,324.217,199.033,5,2,"0,12"
204,4,137.452,115.403,5,3,"5,9,15"
204,5,107.632,135.744,5,3,"4,9,15"
204,6,43.8076,45.8418,5,0,""
204,7,149.894,300.09,5,3,"13,16,17"
204,8,214.071,39.7965,5,1,"9"
204,9,155.603,86.9993,5,3,"4,5,8"
204,10,493.021,191.211,5,0,""
204,11,365.844,103.253,5,1,"2"
204,12,264.235,252.851,5,3,"0,3,18"
204,13,131.715,239.667,5,4,"7,16,17,18"
204,14,76.1817,392.316,5,1,"19"
204,15,60.1677,157.324,5,3,"4,5,17"
204,16,130.842,259.139,0,4,"7,13,17,18"
204,17,85.6239,237.628,5,4,"7,13,15,16"
204,18,205.202,197.031,5,4,"0,12,13,16"
204,19,168.37,415.256,5,2,"1,14"
205,0,269.628,219.53,5,3,"3,12,18"
205,1,188.85,426.999,5,1,"19"
205,2,404.975,124.106,5,1,"11"
205,3,321.424,203.18,5,2,"0,12"
205,4,133.838,111.947,5,3,"5,9,15"
205,5,106.072,130.993,5,3,"4,9,15"
205,6,47.3681,49.3521,5,0,""
205,7,145.641,297.462,5,3,"13,16,17"
205,8,218.584,41.9496,5,1,"9"
205,9,154.582,91.8939,5,3,"4,5,8"
205,10,492.974,196.211,5,0,""
205,11,366.274,108.234,5,1,"2"
205,12,269.173,252.061,5,3,"0,3,18"
205,13,131.867,234.67,5,4,"7,16,17,18"
205,14,79.3678,388.462,5,1,"19"
205,15,64.992,158.638,5,3,"4,5,17"
205,16,130.842,259.139,0,4,"7,13,17,18"
205,17,88.8869,233.839,5,4,"7,13,15,16"
205,18,209.754,199.099,5,4,"0,12,13,16"
205,19,173.364,415.003,5,2,"1,14"
206,0,265.586,216.587,5,3,"3,12,18"
206,1,190.304,431.783,5,1,"19"
206,2,406.292,128.93,5,1,"11"
206,3,318.631,207.327,5,2,"0,12"
206,4,130.224,108.491,5,4,"5,6,9,15"
206,5,104.513,126.243,5,4,"4,6,9,15"
206,6,50.9287,52.8624,5,2,"4,5"
206,7,141.388,294.833,5,3,"13,16,17"
206,8,223.096,44.1028,5,1,"9"
206,9,153.561,96.7885,5,3,"4,5,8"
206,10,492.928,201.21,5,0,""
206,11,366.704,113.216,5,1,"2"
206,12,274.11,251.272,5,3,"0,3,18"
206,13,132.018,229.672,5,5,"7,15,16,17,18"
206,14,82.5539,384.609,5,0,""
206,15,69.8164,159.952,5,4,"4,5,13,17"
206,16,131.082,262.794,5,3,"7,13,17"
206,17,92.1499,230.051,5,4,"7,13,15,16"
206,18,214.306,201.166,5,3,"0,12,13"
206,19,178.357,414.751,5,1,"1"
207,0,261.544,213.643,5,3,"3,12,18"
207,1,191.758,436.567,5,1,"19"
207,2,407.61,133.753,5,1,"11"
207,3,315.837,211.474,5,3,"0,12,18"
207,4,126.611,105.035,5,4,"5,6,9,15"
207,5,102.954,121.492,5,4,"4,6,9,15"
207,6,54.4893,56.3728,5,2,"4,5"
207,7,137.135,292.204,5,3,"13,16,17"
207,8,227.609,46.2559,5,1,"9"
207,9,152.54,101.683,5,4,"4,5,8,15"
207,10,492.881,206.21,5,0,""
207,11,367.134,118.197,5,1,"2"
207,12,279.047,250.482,5,3,"0,3,18"
207,13,132.169,224.674,5,5,"7,15,16,17,18"
207,14,85.7399,380.755,5,0,""
207,15,74.6407,161.265,5,5,"4,5,9,13,17"
207,16,131.411,267.783,5,3,"7,13,17"
207,17,95.4129,226.262,5,4,"7,13,15,16"
207,18,218.859,203.234,5,4,"0,3,12,13"
207,19,183.351,414.498,5,1,"1"
208,0,257.503,210.7,5,3,"3,12,18"
208,1,193.212,441.351,5,1,"19"
208,2,408.928,138.576,5,1,"11"
208,3,313.044,215.621,5,3,"0,12,18"
208,4,122.997,101.579,5,4,"5,6,9,15"
208,5,101.394,116.742,5,4,"4,6,9,15"
208,6,58.0498,59.8831,5,2,"4,5"
208,7,134.582,290.626,0,4,"13,14,16,17"
208,8,232.122,48.409,5,1,"9"
208,9,151.519,106.578,5,4,"4,5,8,15"
208,10,492.834,211.21,5,0,""
208,11,367.563,123.179,5,1,"2"
208,12,283.984,249.693,5,3,"0,3,18"
208,13,132.321,219.677,5,5,"7,15,16,17,18"
208,14,88.926,376.902,5,1,"7"
208,15,79.465,162.579,5,5,"4,5,9,13,17"
208,16,131.739,272.772,5,3,"7,13,17"
208,17,98.6759,222.474,5,4,"7,13,15,16"
208,18,223.411,205.302,5,4,"0,3,12,13"
208,19,188.344,414.245,5,1,"1"
209,0,253.461,207.756,5,3,"3,12,18"
209,1,194.665,446.134,5,1,"19"
209,2,410.245,143.399,5,1,"11"
209,3,310.251,219.768,5,3,"0,12,18"
209,4,119.384,98.1237,5,4,"5,6,9,15"
209,5,99.8346,111.991,5,4,"4,6,9,15"
209,6,61.6104,63.3934,5,2,"4,5"
209,7,134.582,290.626,0,4,"13,14,16,17"
209,8,236.634,50.5621,5,0,""
209,9,150.498,111.472,5,3,"4,5,15"
209,10,492.787,216.21,5,0,""
209,11,367.993,128.16,5,1,"2"
209,12,288.922,248.904,5,3,"0,3,18"
209,13,132.472,214.679,5,5,"7,15,16,17,18"
209,14,92.1121,373.049,5,1,"7"
209,15,84.2894,163.893,5,5,"4,5,9,13,17"
209,16,132.068,277.761,5,3,"7,13,17"
209,17,101.939,218.685,5,4,"7,13,15,16"
209,18,227.964,207.369,5,4,"0,3,12,13"
209,19,193.338,413.993,5,1,"1"
210,0,249.419,204.813,5,3,"3,12,18"
210,1,196.119,450.918,5,1,"19"
210,2,411.563,148.223,5,1,"11"
210,3,307.458,223.915,5,3,"0,12,18"
210,4,115.77,94.6679,5,4,"5,6,9,15"
210,5,98.2752,107.24,5,4,"4,6,9,15"
210,6,65.171,66.9038,5,3,"4,5,9"
210,7,133.958,288.727,5,4,"13,14,16,17"
210,8,241.147,52.7152,5,0,""
210,9,149.476,116.367,5,5,"4,5,6,13,15"
210,10,492.74,221.21,5,0,""
210,11,368.423,133.142,5,1,"2"
210,12,293.859,248.114,5,3,"0,3,18"
210,13,132.624,209.681,5,6,"7,9,15,16,17,18"
210,14,95.2982,369.195,5,2,"7,16"
210,15,89.1137,165.207,5,5,"4,5,9,13,17"
210,16,132.396,282.75,5,4,"7,13,14,17"
210,17,105.202,214.896,5,4,"7,13,15,16"
210,18,232.516,209.437,5,4,"0,3,12,13"
210,19,198.332,413.74,5,1,"1"
211,0,245.377,201.869,5,3,"3,12,18"
211,1,197.573,455.702,5,1,"19"
211,2,412.881,153.046,5,1,"11"
211,3,304.665,228.062,5,3,"0,12,18"
211,4,112.157,91.2121,5,4,"5,6,9,15"
211,5,96.7157,102.49,5,4,"4,6,9,15"
211,6,68.7315,70.4141,5,4,"4,5,9,15"
211,7,132.399,283.976,5,4,"13,14,16,17"
211,8,245.66,54.8684,5,0,""
211,9,148.455,121.262,5,6,"4,5,6,13,15,17"
211,10,492.694,226.209,5,0,""
211,11,368.853,138.123,5,1,"2"
211,12,298.796,247.325,5,3,"0,3,18"
211,13,132.775,204.684,5,5,"7,9,15,16,17"
211,14,98.4843,365.342,5,2,"7,16"
211,15,93.938,166.52,5,6,"4,5,6,9,13,17"
211,16,132.724,287.74,5,4,"7,13,14,17"
211,17,108.465,211.108,5,5,"7,9,13,15,16"
211,18,237.069,211.505,5,3,"0,3,12"
211,19,203.325,413.487,5,1,"1"
212,0,241.336,198.926,5,3,"3,12,18"
212,1,199.027,460.486,5,1,"19"
212,2,414.198,157.869,5,1,"11"
212,3,301.871,232.209,5,3,"0,12,18"
212,4,108.543,87.7564,5,4,"5,6,9,15"
212,5,95.1563,97.7392,5,4,"4,6,9,15"
212,6,72.2921,73.9244,5,4,"4,5,9,15"
212,7,130.84,279.226,5,4,"13,14,16,17"
212,8,250.172,57.0215,5,0,""
212,9,147.434,126.156,5,6,"4,5,6,13,15,17"
212,10,492.647,231.209,5,0,""
212,11,369.282,143.105,5,1,"2"
212,12,303.734,246.535,5,3,"0,3,18"
212,13,132.927,199.686,5,5,"7,9,15,16,17"
212,14,101.67,361.488,5,2,"7,16"
212,15,98.7623,167.834,5,6,"4,5,6,9,13,17"
212,16,133.053,292.729,5,4,"7,13,14,17"
212,17,111.728,207.319,5,5,"7,9,13,15,16"
212,18,241.621,213.573,5,3,"0,3,12"
212,19,208.319,413.235,5,1,"1"
213,0,237.294,195.982,5,3,"3,12,18"
213,1,200.481,465.27,5,1,"19"
213,2,415.516,162.692,5,1,"11"
213,3,299.078,236.356,5,3,"0,12,18"
213,4,104.93,84.3006,5,4,"5,6,9,15"
213,5,93.5968,92.9886,5,4,"4,6,9,15"
213,6,75.8526,77.4347,5,4,"4,5,9,15"
213,7,129.28,274.475,5,4,"13,14,16,17"
213,8,254.685,59.1746,5,0,""
213,9,146.413,131.051,5,6,"4,5,6,13,15,17"
213,10,492.6,236.209,5,0,""
213,11,369.712,148.086,5,1,"2"
213,12,308.671,245.746,5,3,"0,3,18"
213,13,133.078,194.688,5,4,"7,9,15,17"
213,14,104.856,357.635,5,2,"7,16"
213,15,103.587,169.148,5,6,"4,5,6,9,13,17"
213,16,133.381,297.718,5,3,"7,14,17"
213,17,114.991,203.531,5,5,"7,9,13,15,16"
213,18,246.173,215.64,5,3,"0,3,12"
213,19,213.312,412.982,5,1,"1"
214,0,233.252,193.039,5,3,"3,12,18"
214,1,201.934,470.054,5,1,"19"
214,2,416.834,167.516,5,1,"11"
214,3,296.285,240.504,5,3,"0,12,18"
214,4,101.316,80.8448,5,4,"5,6,9,15"
214,5,92.0374,88.2381,5,4,"4,6,9,15"
214,6,79.4132,80.9451,5,4,"4,5,9,15"
214,7,127.721,269.725,5,4,"13,14,16,17"
214,8,259.198,61.3277,5,0,""
214,9,145.392,135.945,5,6,"4,5,6,13,15,17"
214,10,492.553,241.209,5,0,""
214,11,370.142,153.068,5,1,"2"
214,12,313.608,244.957,5,3,"0,3,18"
214,13,133.23,189.69,5,4,"7,9,15,17"
214,14,108.042,353.782,5,2,"7,16"
214,15,108.411,170.462,5,6,"4,5,6,9,13,17"
214,16,133.71,302.707,5,2,"7,14"
214,17,118.254,199.742,5,4,"7,9,13,15"
214,18,250.726,217.708,5,3,"0,3,12"
214,19,218.306,412.73,5,1,"1"
215,0,229.21,190.095,5,4,"3,9,13,18"
215,1,203.388,474.838,5,1,"19"
215,2,418.152,172.339,5,1,"11"
215,3,293.492,244.651,5,3,"0,12,18"
215,4,97.7027,77.389,5,4,"5,6,9,15"
215,5,90.4779,83.4875,5,4,"4,6,9,15"
215,6,82.9738,84.4554,5,4,"4,5,9,15"
215,7,126.161,264.974,5,5,"13,14,15,16,17"
215,8,263.71,63.4809,5,0,""
215,9,144.371,140.84,5,7,"0,4,5,6,13,15,17"
215,10,492.506,246.209,5,0,""
215,11,370.572,158.049,5,1,"2"
215,12,318.545,244.167,5,2,"3,18"
215,13,133.381,184.693,5,5,"0,7,9,15,17"
215,14,111.229,349.928,5,2,"7,16"
215,15,113.235,171.775,5,7,"4,5,6,7,9,13,17"
215,16,134.038,307.696,5,2,"7,14"
215,17,121.517,195.954,5,4,"7,9,13,15"
215,18,255.278,219.776,5,3,"0,3,12"
215,19,223.3,412.477,5,1,"1"
216,0,225.169,187.152,5,4,"3,9,13,18"
216,1,204.842,479.622,5,1,"19"
216,2,419.469,177.162,5,1,"11"
216,3,290.699,248.798,5,3,"0,12,18"
216,4,94.0891,73.9333,5,3,"5,6,9"
216,5,88.9185,78.7369,5,4,"4,6,9,15"
216,6,86.5343,87.9657,5,4,"4,5,9,15"
216,7,124.602,260.223,5,5,"13,14,15,16,17"
216,8,268.223,65.634,5,0,""
216,9,143.349,145.735,5,7,"0,4,5,6,13,15,17"
216,10,492.459,251.208,5,0,""
216,11,371.001,163.031,5,2,"2,12"
216,12,323.483,243.378,5,3,"3,11,18"
216,13,133.533,179.695,5,5,"0,7,9,15,17"
216,14,114.415,346.075,5,2,"7,16"
216,15,118.06,173.089,5,6,"5,6,7,9,13,17"
216,16,134.366,312.686,5,2,"7,14"
216,17,124.78,192.165,5,4,"7,9,13,15"
216,18,259.831,221.843,5,3,"0,3,12"
216,19,228.293,412.224,5,1,"1"
217,0,221.127,184.208,5,6,"3,9,13,15,17,18"
217,1,206.296,484.406,5,1,"19"
217,2,420.787,181.985,5,1,"11"
217,3,287.906,252.945,5,3,"0,12,18"
217,4,90.4756,70.4775,5,3,"5,6,9"
217,5,87.359,73.9863,5,3,"4,6,9"
217,6,90.0949,91.476,5,5,"4,5,9,13,15"
217,7,123.043,255.473,5,5,"13,14,15,16,17"
217,8,272.735,67.7871,5,0,""
217,9,142.328,150.629,5,7,"0,4,5,6,13,15,17"
217,10,492.413,256.208,5,0,""
217,11,371.431,168.012,5,2,"2,12"
217,12,328.42,242.588,5,3,"3,11,18"
217,13,133.684,174.697,5,6,"0,6,7,9,15,17"
217,14,117.601,342.221,5,2,"7,16"
217,15,122.884,174.403,5,6,"0,6,7,9,13,17"
217,16,134.695,317.675,5,2,"7,14"
217,17,128.043,188.377,5,5,"0,7,9,13,15"
217,18,264.383,223.911,5,3,"0,3,12"
217,19,233.287,411.972,5,1,"1"
218,0,217.085,181.265,5,5,"9,13,15,17,18"
218,1,207.75,489.19,5,1,"19"
218,2,422.105,186.809,5,1,"11"
218,3,285.112,257.092,5,2,"12,18"
218,4,89.9193,69.9455,0,3,"5,6,9"
218,5,85.7996,69.2357,5,2,"4,6"
218,6,93.6555,94.9864,5,6,"4,5,9,13,15,17"
218,7,121.483,250.722,5,6,"9,13,14,15,16,17"
218,8,277.248,69.9402,5,0,""
218,9,141.307,155.524,5,7,"0,4,6,7,13,15,17"
218,10,492.366,261.208,5,0,""
218,11,371.861,172.994,5,2,"2,12"
218,12,333.357,241.799,5,3,"3,11,18"
218,13,133.835,169.7,5,6,"0,6,7,9,15,17"
218,14,120.787,338.368,5,2,"7,16"
218,15,127.708,175.716,5,6,"0,6,7,9,13,17"
218,16,135.023,322.664,5,2,"7,14"
218,17,131.306,184.588,5,6,"0,6,7,9,13,15"
218,18,268.936,225.979,5,3,"0,3,12"
218,19,238.281,411.719,5,1,"1"
219,0,213.043,178.321,5,5,"9,13,15,17,18"
219,1,209.204,493.974,5,1,"19"
219,2,423.422,191.632,5,2,"11,12"
219,3,282.319,261.239,5,2,"12,18"
219,4,89.9193,69.9455,0,2,"5,6"
219,5,84.2401,64.4851,5,2,"4,6"
219,6,97.216,98.4967,5,6,"4,5,9,13,15,17"
219,7,119.924,245.971,5,6,"9,13,14,15,16,17"
219,8,281.761,72.0933,5,0,""
219,9,140.286,160.418,5,6,"0,6,7,13,15,17"
219,10,492.319,266.208,5,0,""
219,11,372.291,177.975,5,2,"2,12"
219,12,338.295,241.01,5,4,"2,3,11,18"
219,13,133.987,164.702,5,6,"0,6,7,9,15,17"
219,14,123.973,334.514,5,2,"7,16"
219,15,132.533,177.03,5,6,"0,6,7,9,13,17"
219,16,135.352,327.653,5,2,"7,14"
219,17,134.569,180.8,5,6,"0,6,7,9,13,15"
219,18,273.488,228.047,5,3,"0,3,12"
219,19,243.274,411.467,5,1,"1"
220,0,209.002,175.378,5,5,"9,13,15,17,18"
220,1,209.247,494.116,0,1,"19"
220,2,424.74,196.455,5,2,"11,12"
220,3,279.526,265.386,5,2,"12,18"
220,4,90.5373,74.1304,5,3,"5,6,13"
220,5,82.6807,59.7345,5,2,"4,6"
220,6,100.777,102.007,5,6,"4,5,9,13,15,17"
220,7,118.364,241.221,5,6,"9,13,14,15,16,17"
220,8,286.273,74.2465,5,0,""
220,9,139.265,165.313,5,6,"0,6,7,13,15,17"
220,10,492.272,271.207,5,0,""
220,11,372.72,182.957,5,2,"2,12"
220,12,343.232,240.22,5,4,"2,3,11,18"
220,13,134.138,159.704,5,7,"0,4,6,7,9,15,17"
220,14,127.159,330.661,5,2,"7,16"
220,15,137.357,178.344,5,6,"0,6,7,9,13,17"
220,16,135.68,332.642,5,2,"7,14"
220,17,137.832,177.011,5,6,"0,6,7,9,13,15"
220,18,278.04,230.114,5,3,"0,3,12"
220,19,248.268,411.214,5,1,"1"
221,0,204.96,172.435,5,5,"9,13,15,17,18"
221,1,209.247,494.116,0,1,"19"
221,2,426.058,201.278,5,3,"10,11,12"
221,3,276.733,269.533,5,2,"12,18"
221,4,91.2677,79.0767,5,3,"5,6,13"
221,5,81.1212,54.9839,5,2,"4,6"
221,6,104.337,105.517,5,6,"4,5,9,13,15,17"
221,7,116.805,236.47,5,5,"9,13,14,15,17"
221,8,290.786,76.3996,5,0,""
221,9,138.244,170.208,5,6,"0,6,7,13,15,17"
221,10,492.225,276.207,5,1,"2"
221,11,373.15,187.938,5,2,"2,12"
221,12,348.169,239.431,5,4,"2,3,11,18"
221,13,134.29,154.706,5,7,"0,4,6,7,9,15,17"
221,14,130.345,326.808,5,2,"7,16"
221,15,142.181,179.658,5,6,"0,6,7,9,13,17"
221,16,136.008,337.632,5,1,"14"
221,17,141.095,173.223,5,6,"0,6,7,9,13,15"
221,18,282.593,232.182,5,3,"0,3,12"
221,19,253.261,410.961,5,1,"1"
222,0,200.918,169.491,5,4,"9,13,15,17"
222,1,213.832,492.532,5,1,"19"
222,2,427.376,206.102,5,3,"10,11,12"
222,3,273.94,273.68,5,2,"12,18"
222,4,91.9982,84.0231,5,3,"5,6,13"
222,5,79.5618,50.2333,5,2,"4,6"
222,6,107.898,109.028,5,6,"4,5,9,13,15,17"
222,7,115.246,231.72,5,5,"9,13,14,15,17"
222,8,295.299,78.5527,5,0,""
222,9,137.222,175.102,5,6,"0,6,7,13,15,17"
222,10,492.179,281.207,5,1,"2"
222,11,373.58,192.92,5,3,"2,12,18"
222,12,353.106,238.641,5,4,"2,3,11,18"
222,13,134.441,149.709,5,7,"0,4,6,7,9,15,17"
222,14,133.531,322.954,5,2,"7,16"
222,15,147.006,180.971,5,6,"0,6,7,9,13,17"
222,16,136.337,342.621,5,1,"14"
222,17,144.358,169.434,5,6,"0,6,7,9,13,15"
222,18,287.145,234.25,5,3,"3,11,12"
222,19,258.255,410.709,5,1,"1"
223,0,196.876,166.548,5,4,"9,13,15,17"
223,1,218.558,490.899,5,1,"19"
223,2,428.693,210.925,5,3,"10,11,12"
223,3,271.147,277.827,5,2,"12,18"
223,4,92.7286,88.9694,5,4,"5,6,13,17"
223,5,78.0023,45.4827,5,2,"4,6"
223,6,111.458,112.538,5,6,"4,5,9,13,15,17"
223,7,113.686,226.969,5,5,"9,13,14,15,17"
223,8,299.811,80.7058,5,0,""
223,9,136.201,179.997,5,6,"0,6,7,13,15,17"
223,10,492.132,286.207,5,1,"2"
223,11,374.01,197.901,5,3,"2,12,18"
223,12,358.044,237.852,5,4,"2,3,11,18"
223,13,134.593,144.711,5,7,"0,4,6,7,9,15,17"
223,14,136.717,319.101,5,2,"7,16"
223,15,151.83,182.285,5,6,"0,6,7,9,13,17"
223,16,136.665,347.61,5,1,"14"
223,17,147.621,165.646,5,7,"0,4,6,7,9,13,15"
223,18,291.698,236.317,5,3,"3,11,12"
223,19,263.249,410.456,5,1,"1"
224,0,192.834,163.604,5,6,"6,7,9,13,15,17"
224,1,223.283,489.265,5,1,"19"
224,2,430.011,215.748,5,3,"10,11,12"
224,3,268.353,281.974,5,1,"18"
224,4,93.4591,93.9158,5,4,"5,6,13,17"
224,5,76.4429,40.7322,5,2,"4,6"
224,6,115.019,116.048,5,7,"0,4,5,9,13,15,17"
224,7,112.127,222.218,5,6,"0,9,13,14,15,17"
224,8,304.324,82.8589,5,0,""
224,9,135.18,184.891,5,6,"0,6,7,13,15,17"
224,10,492.085,291.207,5,1,"2"
224,11,374.439,202.883,5,3,"2,12,18"
224,12,362.981,237.063,5,3,"2,11,18"
224,13,134.744,139.713,5,7,"0,4,6,7,9,15,17"
224,14,139.903,315.247,5,2,"7,16"
224,15,156.654,183.599,5,6,"0,6,7,9,13,17"
224,16,136.994,352.599,5,1,"14"
224,17,150.884,161.857,5,7,"0,4,6,7,9,13,15"
224,18,296.25,238.385,5,3,"3,11,12"
224,19,268.242,410.204,5,1,"1"
225,0,188.793,160.661,5,6,"6,7,9,13,15,17"
225,1,228.009,487.632,5,1,"19"
225,2,431.329,220.571,5,3,"10,11,12"
225,3,265.56,286.121,5,1,"18"
225,4,94.1895,98.8621,5,5,"5,6,9,13,17"
225,5,76.202,39.9985,0,2,"4,6"
225,6,118.579,119.559,5,8,"0,4,5,7,9,13,15,17"
225,7,110.567,217.468,5,7,"0,6,9,13,14,15,17"
225,8,308.837,85.0121,5,0,""
225,9,134.159,189.786,5,7,"0,4,6,7,13,15,17"
225,10,492.038,296.206,5,1,"2"
225,11,374.869,207.864,5,3,"2,12,18"
225,12,367.918,236.273,5,3,"2,11,18"
225,13,134.896,134.716,5,7,"0,4,6,7,9,15,17"
225,14,143.089,311.394,5,2,"7,16"
225,15,161.479,184.913,5,6,"0,6,7,9,13,17"
225,16,137.322,357.589,5,1,"14"
225,17,154.147,158.069,5,7,"0,4,6,7,9,13,15"
225,18,300.803,240.453,5,3,"3,11,12"
225,19,273.236,409.951,5,1,"1"
226,0,184.751,157.717,5,6,"6,7,9,13,15,17"
226,1,232.735,485.999,5,1,"19"
226,2,432.646,225.395,5,3,"10,11,12"
226,3,262.767,290.268,5,1,"18"
226,4,94.92,103.808,5,5,"5,6,9,13,17"
226,5,76.202,39.9985,0,2,"4,6"
226,6,122.14,123.069,5,8,"0,4,5,7,9,13,15,17"
226,7,109.008,212.717,5,6,"0,6,9,13,15,17"
226,8,313.349,87.1652,5,0,""
226,9,133.138,194.681,5,7,"0,4,6,7,13,15,17"
226,10,491.991,301.206,5,1,"2"
226,11,375.299,212.846,5,3,"2,12,18"
226,12,372.856,235.484,5,3,"2,11,18"
226,13,135.047,129.718,5,7,"0,4,6,7,9,15,17"
226,14,146.275,307.54,5,1,"16"
226,15,166.303,186.226,5,6,"0,6,7,9,13,17"
226,16,137.65,362.578,5,1,"14"
226,17,157.41,154.28,5,7,"0,4,6,7,9,13,15"
226,18,305.355,242.52,5,3,"3,11,12"
226,19,278.229,409.698,5,1,"1"
227,0,180.709,154.774,5,7,"4,6,7,9,13,15,17"
227,1,237.461,484.366,5,1,"19"
227,2,433.964,230.218,5,3,"10,11,12"
227,3,259.974,294.415,5,1,"18"
227,4,95.6505,108.755,5,7,"0,5,6,7,9,13,17"
227,5,78.8002,43.3337,5,3,"4,6,13"
227,6,125.701,126.579,5,8,"0,4,5,7,9,13,15,17"
227,7,107.449,207.967,5,7,"0,4,6,9,13,15,17"
227,8,317.862,89.3183,5,0,""
227,9,132.117,199.575,5,7,"0,4,6,7,13,15,17"
227,10,491.944,306.206,5,1,"2"
227,11,375.729,217.827,5,3,"2,12,18"
227,12,377.793,234.694,5,3,"2,11,18"
227,13,135.199,124.72,5,8,"0,4,5,6,7,9,15,17"
227,14,149.462,303.687,5,1,"16"
227,15,171.127,187.54,5,6,"0,6,7,9,13,17"
227,16,137.979,367.567,5,1,"14"
227,17,160.673,150.492,5,7,"0,4,6,7,9,13,15"
227,18,309.907,244.588,5,3,"3,11,12"
227,19,283.223,409.446,5,1,"1"
228,0,176.667,151.83,5,7,"4,6,7,9,13,15,17"
228,1,242.186,482.733,5,1,"19"
228,2,435.282,235.041,5,3,"10,11,12"
228,3,257.181,298.563,5,1,"18"
228,4,96.3809,113.701,5,7,"0,5,6,7,9,13,17"
228,5,81.873,47.2781,5,3,"4,6,13"
228,6,129.261,130.09,5,8,"0,4,5,7,9,13,15,17"
228,7,105.889,203.216,5,7,"0,4,6,9,13,15,17"
228,8,322.375,91.4714,5,0,""
228,9,131.095,204.47,5,8,"0,4,6,7,13,14,15,17"
228,10,491.898,311.206,5,1,"2"
228,11,376.158,222.809,5,3,"2,12,18"
228,12,382.73,233.905,5,3,"2,11,18"
228,13,135.35,119.723,5,8,"0,4,5,6,7,9,15,17"
228,14,152.648,299.834,5,2,"9,16"
228,15,175.952,188.854,5,6,"0,6,7,9,13,17"
228,16,138.307,372.556,5,1,"14"
228,17,163.936,146.703,5,7,"0,4,6,7,9,13,15"
228,18,314.46,246.656,5,3,"3,11,12"
228,19,288.217,409.193,5,1,"1"
229,0,172.626,148.887,5,7,"4,6,7,9,13,15,17"
229,1,246.912,481.099,5,1,"19"
229,2,436.599,239.864,5,3,"10,11,12"
229,3,254.388,302.71,5,2,"14,18"
229,4,97.1114,118.648,5,7,"0,5,6,7,9,13,17"
229,5,84.9457,51.2225,5,3,"4,6,13"
229,6,132.822,133.6,5,8,"0,4,5,7,9,13,15,17"
229,7,104.33,198.465,5,7,"0,4,6,9,13,15,17"
229,8,326.887,93.6246,5,0,""
229,9,130.074,209.365,5,8,"0,4,6,7,13,14,15,17"
229,10,491.851,316.205,5,1,"2"
229,11,376.588,227.79,5,3,"2,12,18"
229,12,387.668,233.116,5,3,"2,11,18"
229,13,135.502,114.725,5,8,"0,4,5,6,7,9,15,17"
229,14,155.834,295.98,5,3,"3,9,16"
229,15,180.776,190.167,5,6,"0,6,7,9,13,17"
229,16,138.636,377.545,5,1,"14"
229,17,167.199,142.915,5,7,"0,4,6,7,9,13,15"
229,18,319.012,248.724,5,3,"3,11,12"
229,19,293.21,408.941,5,1,"1"
230,0,168.584,145.943,5,7,"4,6,7,9,13,15,17"
230,1,251.638,479.466,5,1,"19"
230,2,437.917,244.688,5,3,"10,11,12"
230,3,251.594,306.857,5,2,"14,18"
230,4,97.8418,123.594,5,7,"0,5,6,7,9,13,17"
230,5,88.0185,55.1669,5,3,"4,6,13"
230,6,136.382,137.11,5,8,"0,4,5,7,9,13,15,17"
230,7,102.77,193.715,5,7,"0,4,6,9,13,15,17"
230,8,331.4,95.7777,5,0,""
230,9,129.053,214.259,5,7,"0,4,6,7,14,15,17"
230,10,491.804,321.205,5,1,"2"
230,11,377.018,232.772,5,3,"2,12,18"
230,12,392.605,232.326,5,3,"2,11,18"
230,13,135.653,109.727,5,7,"0,4,5,6,7,15,17"
230,14,159.02,292.127,5,3,"3,9,16"
230,15,185.6,191.481,5,6,"0,6,7,9,13,17"
230,16,138.964,382.535,5,1,"14"
230,17,170.462,139.126,5,7,"0,4,6,7,9,13,15"
230,18,323.565,250.791,5,3,"3,11,12"
230,19,298.204,408.688,5,1,"1"
231,0,164.542,143,5,7,"4,6,7,9,13,15,17"
231,1,256.364,477.833,5,1,"19"
231,2,439.235,249.511,5,3,"10,11,12"
231,3,248.801,311.004,5,2,"14,18"
231,4,98.5723,128.54,5,7,"0,5,6,7,9,13,17"
231,5,91.0912,59.1113,5,3,"4,6,13"
231,6,139.943,140.621,5,8,"0,4,5,7,9,13,15,17"
231,7,101.211,188.964,5,7,"0,4,6,9,13,15,17"
231,8,333.47,96.7653,0,0,""
231,9,128.032,219.154,5,7,"0,4,6,7,14,15,17"
231,10,491.757,326.205,5,1,"2"
231,11,377.448,237.753,5,3,"2,12,18"
231,12,397.542,231.537,5,3,"2,11,18"
231,13,135.804,104.729,5,6,"0,4,5,6,7,17"
231,14,162.206,288.273,5,3,"3,9,15"
231,15,190.425,192.795,5,6,"0,6,7,9,14,17"
231,16,139.292,387.524,5,0,""
231,17,173.725,135.337,5,7,"0,4,6,7,9,13,15"
231,18,328.117,252.859,5,3,"3,11,12"
231,19,303.198,408.435,5,1,"1"
232,0,160.5,140.056,5,7,"4,6,7,9,13,15,17"
232,1,261.089,476.2,5,1,"19"
232,2,440.553,254.334,5,3,"10,11,12"
232,3,246.008,315.151,5,1,"14"
232,4,99.3027,133.487,5,7,"0,5,6,7,9,13,17"
232,5,94.1639,63.0557,5,3,"4,6,13"
232,6,143.503,144.131,5,8,"0,4,5,7,9,13,15,17"
232,7,99.6517,184.214,5,7,"0,4,6,9,13,15,17"
232,8,333.47,96.7653,0,0,""
232,9,127.011,224.048,5,6,"0,4,6,7,14,15"
232,10,491.71,331.205,5,1,"2"
232,11,377.877,242.735,5,3,"2,12,18"
232,12,402.479,230.747,5,3,"2,11,18"
232,13,135.956,99.7317,5,6,"0,4,5,6,7,17"
232,14,165.392,284.42,5,3,"3,9,15"
232,15,195.249,194.109,5,6,"0,6,7,9,14,17"
232,16,139.621,392.513,5,0,""
232,17,176.988,131.549,5,6,"0,4,6,7,13,15"
232,18,332.67,254.927,5,2,"11,12"
232,19,308.191,408.183,5,1,"1"
233,0,156.459,137.113,5,8,"4,5,6,7,9,13,15,17"
233,1,265.815,474.566,5,1,"19"
233,2,441.87,259.157,5,3,"10,11,12"
233,3,243.215,319.298,5,1,"14"
233,4,100.033,138.433,5,7,"0,5,6,7,9,13,17"
233,5,97.2367,67.0001,5,4,"0,4,6,13"
233,6,147.064,147.641,5,8,"0,4,5,7,9,13,15,17"
233,7,98.0923,179.463,5,6,"0,4,6,9,13,17"
233,8,332.184,99.147,5,0,""
233,9,125.99,228.943,5,6,"0,4,6,7,14,15"
233,10,491.664,336.205,5,1,"2"
233,11,378.307,247.716,5,3,"2,12,18"
233,12,407.417,229.958,5,3,"2,11,18"
233,13,136.107,94.734,5,6,"0,4,5,6,7,17"
233,14,168.578,280.566,5,3,"3,9,15"
233,15,200.073,195.422,5,5,"0,6,9,14,17"
233,16,139.949,397.502,5,0,""
233,17,180.251,127.76,5,6,"0,4,6,7,13,15"
233,18,337.222,256.994,5,2,"11,12"
233,19,313.185,407.93,5,1,"1"
234,0,152.417,134.169,5,7,"4,5,6,7,13,15,17"
234,1,270.541,472.933,5,1,"19"
234,2,443.188,263.98,5,3,"10,11,12"
234,3,240.422,323.445,5,1,"14"
234,4,100.764,143.379,5,7,"0,5,6,7,9,13,17"
234,5,100.309,70.9445,5,5,"0,4,6,13,17"
234,6,150.624,151.152,5,8,"0,4,5,7,9,13,15,17"
234,7,96.5329,174.712,5,5,"0,4,6,9,13"
234,8,329.809,103.547,5,0,""
234,9,124.968,233.838,5,5,"4,6,7,14,15"
234,10,491.617,341.204,5,1,"2"
234,11,378.737,252.698,5,3,"2,12,18"
234,12,412.354,229.169,5,3,"2,11,18"
234,13,136.259,89.7363,5,6,"0,4,5,6,7,17"
234,14,171.764,276.713,5,3,"3,9,15"
234,15,204.898,196.736,5,5,"0,6,9,14,17"
234,16,140.278,402.491,5,0,""
234,17,183.514,123.972,5,6,"0,4,5,6,13,15"
234,18,341.774,259.062,5,2,"11,12"
234,19,318.178,407.678,5,1,"1"
235,0,148.375,131.226,5,7,"4,5,6,7,13,15,17"
235,1,275.267,471.3,5,1,"19"
235,2,444.506,268.804,5,4,"10,11,12,18"
235,3,237.629,327.592,5,1,"14"
235,4,101.494,148.326,5,7,"0,5,6,7,9,13,17"
235,5,103.382,74.8889,5,6,"0,4,6,7,13,17"
235,6,154.185,154.662,5,8,"0,4,5,7,9,13,15,17"
235,7,94.9735,169.962,5,6,"0,4,5,6,9,13"
235,8,327.434,107.947,5,0,""
235,9,123.947,238.732,5,5,"4,6,7,14,15"
235,10,491.57,346.204,5,1,"2"
235,11,379.167,257.679,5,3,"2,12,18"
235,12,416.227,228.549,0,3,"2,11,18"
235,13,136.41,84.7386,5,6,"0,4,5,6,7,17"
235,14,174.95,272.86,5,3,"3,9,15"
235,15,209.722,198.05,5,5,"0,6,9,14,17"
235,16,140.606,407.481,5,0,""
235,17,186.777,120.183,5,6,"0,4,5,6,13,15"
235,18,346.327,261.13,5,3,"2,11,12"
235,19,323.172,407.425,5,1,"1"
236,0,144.333,128.282,5,7,"4,5,6,7,13,15,17"
236,1,279.992,469.667,5,1,"19"
236,2,445.823,273.627,5,4,"10,11,12,18"
236,3,234.835,331.739,5,1,"14"
236,4,102.225,153.272,5,7,"0,5,6,7,9,13,17"
236,5,106.455,78.8333,5,6,"0,4,6,7,13,17"
236,6,157.746,158.172,5,8,"0,4,5,7,9,13,15,17"
236,7,93.4141,165.211,5,6,"0,4,5,6,9,13"
236,8,325.058,112.346,5,0,""
236,9,122.926,243.627,5,4,"4,6,7,14"
236,10,491.523,351.204,5,1,"2"
236,11,379.596,262.661,5,3,"2,12,18"
236,12,416.227,228.549,0,3,"2,11,18"
236,13,136.562,79.7409,5,6,"0,4,5,6,7,17"
236,14,178.136,269.006,5,3,"3,9,15"
236,15,214.546,199.363,5,4,"0,6,14,17"
236,16,140.934,412.47,5,0,""
236,17,190.04,116.395,5,6,"0,4,5,6,13,15"
236,18,350.879,263.198,5,3,"2,11,12"
236,19,328.166,407.172,5,1,"1"
237,0,140.292,125.339,5,6,"4,5,6,7,13,17"
237,1,284.718,468.034,5,1,"19"
237,2,447.141,278.45,5,4,"10,11,12,18"
237,3,232.042,335.886,5,1,"14"
237,4,102.955,158.218,5,6,"0,5,6,7,9,13"
237,5,109.528,82.7777,5,6,"0,4,6,7,13,17"
237,6,161.306,161.683,5,8,"0,4,5,7,9,13,15,17"
237,7,91.8547,160.461,5,6,"0,4,5,6,9,13"
237,8,322.683,116.746,5,0,""
237,9,121.905,248.521,5,4,"4,6,7,14"
237,10,491.476,356.204,5,1,"2"
237,11,380.026,267.642,5,3,"2,12,18"
237,12,415.262,228.069,5,3,"2,11,18"
237,13,136.713,74.7432,5,6,"0,4,5,6,7,17"
237,14,181.322,265.153,5,3,"3,9,15"
237,15,219.371,200.677,5,3,"6,14,17"
237,16,141.263,417.459,5,0,""
237,17,193.302,112.606,5,5,"0,5,6,13,15"
237,18,355.432,265.265,5,3,"2,11,12"
237,19,333.159,406.92,5,1,"1"
238,0,136.25,122.395,5,6,"4,5,6,7,13,17"
238,1,289.444,466.4,5,1,"19"
238,2,448.459,283.273,5,4,"10,11,12,18"
238,3,229.249,340.033,5,1,"14"
238,4,103.685,163.165,5,6,"0,5,6,7,9,13"
238,5,112.6,86.7221,5,6,"0,4,6,7,13,17"
238,6,164.867,165.193,5,9,"0,4,5,7,9,13,14,15,17"
238,7,90.2953,155.71,5,5,"0,4,5,6,13"
238,8,320.308,121.146,5,0,""
238,9,120.884,253.416,5,3,"4,6,14"
238,10,491.429,361.203,5,1,"2"
238,11,380.456,272.624,5,3,"2,12,18"
238,12,410.786,225.843,5,3,"2,11,18"
238,13,136.865,69.7455,5,6,"0,4,5,6,7,17"
238,14,184.508,261.299,5,4,"3,6,9,15"
238,15,224.195,201.991,5,3,"6,14,17"
238,16,141.591,422.448,5,0,""
238,17,196.565,108.818,5,5,"0,5,6,13,15"
238,18,359.984,267.333,5,3,"2,11,12"
238,19,338.153,406.667,5,1,"1"
239,0,132.208,119.452,5,6,"4,5,6,7,13,17"
239,1,294.17,464.767,5,1,"19"
239,2,449.776,288.097,5,4,"10,11,12,18"
239,3,226.456,344.18,5,1,"14"
239,4,104.416,168.111,5,5,"0,5,6,7,9"
239,5,115.673,90.6665,5,6,"0,4,6,7,13,17"
239,6,168.427,168.703,5,7,"0,4,5,7,14,15,17"
239,7,88.7359,150.959,5,5,"0,4,5,6,13"
239,8,317.933,125.546,5,0,""
239,9,119.863,258.311,5,2,"4,14"
239,10,491.383,366.203,5,1,"2"
239,11,380.886,277.605,5,3,"2,12,18"
239,12,406.309,223.616,5,3,"2,11,18"
239,13,137.016,64.7478,5,4,"0,5,7,17"
239,14,187.694,257.446,5,4,"3,6,9,15"
239,15,229.019,203.305,5,2,"6,14"
239,16,141.92,427.437,5,0,""
239,17,199.828,105.029,5,4,"0,5,6,13"
239,18,364.536,269.401,5,3,"2,11,12"
239,19,343.146,406.414,5,1,"1"
240,0,128.166,116.508,5,6,"4,5,6,7,13,17"
240,1,298.895,463.134,5,1,"19"
240,2,451.094,292.92,5,4,"10,11,12,18"
240,3,223.663,348.327,5,0,""
240,4,105.146,173.057,5,5,"0,5,6,7,9"
240,5,118.746,94.6108,5,6,"0,4,6,7,13,17"
240,6,171.988,172.214,5,7,"0,4,5,7,14,15,17"
240,7,87.1765,146.209,5,5,"0,4,5,6,13"
240,8,315.558,129.946,5,0,""
240,9,119.38,260.625,0,2,"4,14"
240,10,491.336,371.203,5,1,"2"
240,11,381.315,282.587,5,3,"2,12,18"
240,12,401.832,221.39,5,3,"2,11,18"
240,13,137.168,59.7501,5,4,"0,5,7,17"
240,14,190.881,253.592,5,3,"6,9,15"
240,15,233.843,204.618,5,2,"6,14"
240,16,142.248,432.427,5,0,""
240,17,203.091,101.241,5,4,"0,5,6,13"
240,18,369.089,271.468,5,3,"2,11,12"
240,19,348.14,406.162,5,1,"1"
241,0,124.124,113.565,5,6,"4,5,6,7,13,17"
241,1,303.621,461.501,5,1,"19"
241,2,452.412,297.743,5,4,"10,11,12,18"
241,3,220.87,352.474,5,0,""
241,4,105.512,175.535,0,5,"0,5,6,7,9"
241,5,121.819,98.5552,5,6,"0,4,6,7,13,17"
241,6,175.548,175.724,5,7,"0,4,5,7,14,15,17"
241,7,85.6171,141.458,5,4,"0,4,5,6"
241,8,313.182,134.346,5,0,""
241,9,119.38,260.625,0,2,"4,14"
241,10,491.289,376.203,5,1,"2"
241,11,381.745,287.568,5,3,"2,12,18"
241,12,397.355,219.163,5,3,"2,11,18"
241,13,137.319,54.7524,5,3,"0,5,17"
241,14,194.067,249.739,5,3,"6,9,15"
241,15,238.668,205.932,5,2,"6,14"
241,16,142.576,437.416,5,0,""
241,17,206.354,97.4522,5,4,"0,5,6,13"
241,18,373.641,273.536,5,3,"2,11,12"
241,19,353.134,405.909,5,1,"1"
242,0,120.083,110.621,5,6,"4,5,6,7,13,17"
242,1,308.347,459.868,5,1,"19"
242,2,453.73,302.566,5,3,"10,11,18"
242,3,218.076,356.622,5,0,""
242,4,105.512,175.535,0,5,"0,5,6,7,9"
242,5,124.891,102.5,5,6,"0,4,6,7,13,17"
242,6,179.109,179.234,5,6,"0,4,5,14,15,17"
242,7,84.0577,136.708,5,3,"0,4,5"
242,8,310.807,138.745,5,1,"15"
242,9,117.923,258.429,5,2,"4,14"
242,10,491.242,381.203,5,1,"2"
242,11,382.175,292.55,5,3,"2,12,18"
242,12,392.878,216.936,5,2,"11,18"
242,13,137.471,49.7547,5,3,"0,5,17"
242,14,197.253,245.886,5,3,"6,9,15"
242,15,243.492,207.246,5,3,"6,8,14"
242,16,142.905,442.405,5,0,""
242,17,209.617,93.6637,5,4,"0,5,6,13"
242,18,378.194,275.604,5,3,"2,11,12"
242,19,358.127,405.657,5,1,"1"
243,0,116.041,107.678,5,5,"4,5,7,13,17"
243,1,313.073,458.234,5,1,"19"
243,2,455.047,307.39,5,3,"10,11,18"
243,3,215.283,360.769,5,0,""
243,4,106.279,177.91,5,5,"0,5,6,7,9"
243,5,127.964,106.444,5,6,"0,4,6,7,13,17"
243,6,182.67,182.745,5,6,"4,5,9,14,15,17"
243,7,82.4983,131.957,5,3,"0,4,5"
243,8,308.432,143.145,5,1,"15"
243,9,115.159,254.262,5,3,"4,6,14"
243,10,491.195,386.202,5,1,"2"
243,11,382.605,297.531,5,3,"2,12,18"
243,12,388.401,214.71,5,2,"11,18"
243,13,137.526,47.9357,0,3,"0,5,17"
243,14,200.439,242.032,5,3,"6,9,15"
243,15,248.316,208.56,5,3,"6,8,14"
243,16,143.233,447.394,5,0,""
243,17,212.88,89.8752,5,4,"0,5,6,13"
243,18,382.746,277.672,5,3,"2,11,12"
243,19,363.121,405.404,5,1,"1"
244,0,111.999,104.734,5,4,"4,5,7,13"
244,1,317.798,456.601,5,1,"19"
244,2,456.365,312.213,5,3,"10,11,18"
244,3,212.49,364.916,5,0,""
244,4,107.816,182.668,5,5,"0,5,6,7,9"
244,5,131.037,110.388,5,6,"0,4,6,7,13,17"
244,6,186.23,186.255,5,5,"4,5,9,14,15"
244,7,80.9389,127.206,5,4,"0,4,5,13"
244,8,306.057,147.545,5,1,"15"
244,9,112.395,250.095,5,3,"4,6,14"
244,10,491.149,391.202,5,1,"2"
244,11,383.034,302.513,5,3,"2,12,18"
244,12,383.924,212.483,5,2,"11,18"
244,13,137.526,47.9357,0,4,"0,5,7,17"
244,14,203.625,238.179,5,3,"6,9,15"
244,15,253.141,209.873,5,3,"6,8,14"
244,16,143.562,452.383,5,0,""
244,17,216.143,86.0866,5,2,"5,13"
244,18,387.299,279.739,5,3,"2,11,12"
244,19,368.115,405.151,5,1,"1"
245,0,107.957,101.791,5,4,"4,5,7,13"
245,1,322.524,454.968,5,1,"19"
245,2,457.683,317.036,5,3,"10,11,18"
245,3,209.697,369.063,5,0,""
245,4,109.353,187.426,5,5,"0,5,6,7,9"
245,5,134.11,114.333,5,6,"0,4,6,7,13,17"
245,6,189.791,189.765,5,5,"4,5,9,14,15"
245,7,79.3795,122.456,5,4,"0,4,5,13"
245,8,303.682,151.945,5,2,"12,15"
245,9,109.632,245.928,5,3,"4,6,14"
245,10,491.102,396.202,5,1,"2"
245,11,383.464,307.494,5,4,"2,12,18,19"
245,12,379.448,210.257,5,3,"8,11,18"
245,13,139.251,50.6072,5,4,"0,5,7,17"
245,14,206.811,234.325,5,3,"6,9,15"
245,15,257.965,211.187,5,3,"6,8,14"
245,16,143.89,457.373,5,0,""
245,17,219.406,82.2981,5,2,"5,13"
245,18,391.851,281.807,5,3,"2,11,12"
245,19,373.108,404.899,5,2,"1,11"
246,0,103.916,98.8472,5,4,"4,5,7,13"
246,1,327.25,453.335,5,1,"19"
246,2,459,321.859,5,3,"10,11,18"
246,3,206.904,373.21,5,0,""
246,4,110.889,192.184,5,5,"0,5,6,7,9"
246,5,137.182,118.277,5,6,"0,4,6,7,13,17"
246,6,193.351,193.276,5,5,"4,5,9,14,15"
246,7,77.8201,117.705,5,4,"0,4,5,13"
246,8,301.306,156.345,5,2,"12,15"
246,9,106.868,241.762,5,2,"4,6"
246,10,491.055,401.202,5,1,"2"
246,11,383.894,312.476,5,3,"2,18,19"
246,12,374.971,208.03,5,2,"8,18"
246,13,141.964,54.8073,5,4,"0,5,7,17"
246,14,209.997,230.472,5,2,"6,15"
246,15,262.789,212.501,5,3,"6,8,14"
246,16,144.218,462.362,5,0,""
246,17,222.669,78.5096,5,2,"5,13"
246,18,396.403,283.875,5,3,"2,11,12"
246,19,378.102,404.646,5,2,"1,11"
247,0,99.8739,95.9038,5,3,"5,7,13"
247,1,331.975,451.701,5,1,"19"
247,2,460.318,326.683,5,3,"10,11,18"
247,3,204.111,377.357,5,0,""
247,4,112.426,196.942,5,4,"5,6,7,9"
247,5,140.255,122.222,5,6,"0,4,6,7,13,17"
247,6,196.912,196.786,5,4,"4,5,14,15"
247,7,76.2607,112.954,5,4,"0,4,5,13"
247,8,298.931,160.744,5,2,"12,15"
247,9,104.104,237.595,5,1,"4"
247,10,491.008,406.202,5,1,"2"
247,11,384.324,317.457,5,3,"2,18,19"
247,12,370.494,205.803,5,2,"8,18"
247,13,144.677,59.0074,5,4,"0,5,7,17"
247,14,213.183,226.618,5,2,"6,15"
247,15,267.614,213.814,5,3,"6,8,14"
247,16,144.547,467.351,5,0,""
247,17,225.932,74.7211,5,2,"5,13"
247,18,400.956,285.942,5,3,"2,11,12"
247,19,383.095,404.394,5,2,"1,11"
248,0,95.8321,92.9603,5,3,"5,7,13"
248,1,336.701,450.068,5,1,"19"
248,2,461.636,331.506,5,3,"10,11,18"
248,3,201.317,381.504,5,0,""
248,4,113.963,201.7,5,3,"5,6,9"
248,5,143.328,126.166,5,5,"0,4,6,7,13"
248,6,200.472,200.296,5,4,"4,5,14,15"
248,7,74.7013,108.204,5,3,"0,5,13"
248,8,296.556,165.144,5,3,"12,14,15"
248,9,101.34,233.428,5,1,"4"
248,10,490.961,411.201,5,1,"2"
248,11,384.753,322.439,5,3,"2,18,19"
248,12,366.017,203.577,5,3,"8,15,18"
248,13,147.389,63.2075,5,4,"0,5,7,17"
248,14,216.369,222.765,5,3,"6,8,15"
248,15,272.438,215.128,5,4,"6,8,12,14"
248,16,144.575,467.782,0,0,""
248,17,229.195,70.9325,5,1,"13"
248,18,405.508,288.01,5,3,"2,11,12"
248,19,388.089,404.141,5,2,"1,11"
249,0,91.7903,90.0168,5,3,"5,7,13"
249,1,341.427,448.435,5,1,"19"
249,2,462.953,336.329,5,4,"10,11,18,19"
249,3,198.524,385.651,5,1,"16"
249,4,115.499,206.458,5,3,"5,6,9"
249,5,146.401,130.11,5,5,"0,4,6,7,13"
249,6,204.033,203.807,5,5,"4,5,8,14,15"
249,7,73.1419,103.453,5,3,"0,5,13"
249,8,294.181,169.544,5,4,"6,12,14,15"
249,9,98.5768,229.261,5,1,"4"
249,10,490.915,416.201,5,2,"2,19"
249,11,385.183,327.42,5,3,"2,18,19"
249,12,361.54,201.35,5,2,"8,15"
249,13,150.102,67.4076,5,4,"0,5,7,17"
249,14,219.555,218.912,5,3,"6,8,15"
249,15,277.262,216.442,5,4,"6,8,12,14"
249,16,144.575,467.782,0,1,"3"
249,17,232.458,67.144,5,1,"13"
249,18,410.061,290.078,5,2,"2,11"
249,19,393.083,403.888,5,4,"1,2,10,11"
250,0,87.7486,87.0733,5,3,"5,7,13"
250,1,346.153,446.802,5,1,"19"
250,2,464.271,341.152,5,4,"10,11,18,19"
250,3,195.731,389.798,5,1,"16"
250,4,117.036,211.216,5,3,"5,6,9"
250,5,149.473,134.055,5,5,"0,4,6,7,13"
250,6,207.593,207.317,5,5,"4,5,8,14,15"
250,7,71.5825,98.7026,5,3,"0,5,13"
250,8,291.806,173.944,5,4,"6,12,14,15"
250,9,95.813,225.095,5,1,"4"
250,10,490.868,421.201,5,2,"2,19"
250,11,385.613,332.402,5,3,"2,18,19"
250,12,357.063,199.124,5,2,"8,15"
250,13,152.815,71.6077,5,4,"0,5,7,17"
250,14,222.741,215.058,5,3,"6,8,15"
250,15,282.087,217.756,5,4,"6,8,12,14"
250,16,143.889,463.266,5,1,"3"
250,17,235.721,63.3555,5,1,"13"
250,18,414.613,292.146,5,2,"2,11"
250,19,398.076,403.636,5,4,"1,2,10,11"
251,0,83.7068,84.1298,5,3,"5,7,13"
251,1,350.878,445.169,5,1,"19"
251,2,465.589,345.976,5,4,"10,11,18,19"
251,3,192.938,393.945,5,1,"16"
251,4,118.573,215.974,5,3,"5,6,9"
251,5,152.546,137.999,5,5,"0,4,6,7,13"
251,6,211.154,210.827,5,5,"4,5,8,14,15"
251,7,70.0231,93.952,5,3,"0,5,13"
251,8,289.43,178.344,5,4,"6,12,14,15"
251,9,93.0493,220.928,5,1,"4"
251,10,490.821,426.201,5,2,"2,19"
251,11,386.043,337.383,5,3,"2,18,19"
251,12,352.586,196.897,5,2,"8,15"
251,13,155.528,75.8078,5,4,"0,5,7,17"
251,14,225.927,211.205,5,3,"6,8,15"
251,15,286.911,219.069,5,4,"6,8,12,14"
251,16,143.137,458.323,5,1,"3"
251,17,238.984,59.567,5,1,"13"
251,18,419.166,294.213,5,2,"2,11"
251,19,403.07,403.383,5,4,"1,2,10,11"
252,0,79.6651,81.1863,5,3,"5,7,13"
252,1,355.604,443.535,5,1,"19"
252,2,466.907,350.799,5,4,"10,11,18,19"
252,3,191.162,396.582,0,1,"16"
252,4,120.109,220.732,5,3,"5,6,9"
252,5,155.619,141.944,5,6,"0,4,6,9,13,14"
252,6,214.715,214.337,5,5,"4,5,8,14,15"
252,7,68.4637,89.2014,5,2,"0,13"
252,8,287.055,182.744,5,4,"6,12,14,15"
252,9,90.2856,216.761,5,2,"4,5"
252,10,490.774,431.2,5,2,"2,19"
252,11,386.472,342.365,5,3,"2,18,19"
252,12,348.11,194.67,5,2,"8,15"
252,13,158.24,80.0079,5,4,"0,5,7,17"
252,14,229.114,207.351,5,4,"5,6,8,15"
252,15,291.735,220.383,5,4,"6,8,12,14"
252,16,142.386,453.38,5,1,"3"
252,17,242.247,55.7785,5,1,"13"
252,18,423.718,296.281,5,2,"2,11"
252,19,403.201,403.377,0,4,"1,2,10,11"
253,0,75.6233,78.2428,5,2,"7,13"
253,1,360.33,441.902,5,2,"11,19"
253,2,468.224,355.622,5,4,"10,11,18,19"
253,3,191.162,396.582,0,1,"16"
253,4,121.646,225.49,5,3,"5,6,9"
253,5,158.692,145.888,5,5,"4,6,9,13,14"
253,6,218.275,217.848,5,5,"4,5,8,14,15"
253,7,66.9043,84.4508,5,2,"0,13"
253,8,284.68,187.143,5,4,"6,12,14,15"
253,9,87.5218,212.594,5,2,"4,5"
253,10,490.727,436.2,5,2,"2,19"
253,11,386.902,347.346,5,4,"1,2,18,19"
253,12,343.633,192.444,5,2,"8,15"
253,13,160.953,84.2081,5,4,"0,5,7,17"
253,14,232.3,203.498,5,4,"5,6,8,15"
253,15,296.56,221.697,5,4,"6,8,12,14"
253,16,141.635,448.436,5,1,"3"
253,17,245.51,51.9899,5,1,"13"
253,18,428.27,298.349,5,2,"2,11"
253,19,403.201,403.377,0,4,"1,2,10,11"
254,0,71.5815,75.2993,5,2,"7,13"
254,1,365.056,440.269,5,2,"11,19"
254,2,469.542,360.445,5,4,"10,11,18,19"
254,3,190.869,394.785,5,1,"16"
254,4,123.183,230.248,5,3,"5,6,9"
254,5,161.764,149.832,5,5,"4,6,9,13,14"
254,6,221.836,221.358,5,5,"4,5,8,14,15"
254,7,65.3449,79.7002,5,2,"0,13"
254,8,282.305,191.543,5,4,"6,12,14,15"
254,9,84.7581,208.428,5,2,"4,5"
254,10,490.68,441.2,5,2,"2,19"
254,11,387.332,352.328,5,4,"1,2,18,19"
254,12,339.156,190.217,5,2,"8,15"
254,13,163.666,88.4082,5,4,"0,5,7,17"
254,14,235.486,199.644,5,4,"5,6,8,15"
254,15,301.384,223.011,5,4,"6,8,12,14"
254,16,140.883,443.493,5,1,"3"
254,17,248.773,48.2014,5,1,"13"
254,18,432.823,300.416,5,2,"2,11"
254,19,402.911,398.516,5,4,"1,2,10,11"
255,0,67.5398,72.3558,5,1,"7"
255,1,369.781,438.636,5,2,"11,19"
255,2,470.86,365.269,5,4,"10,11,18,19"
255,3,190.063,389.85,5,1,"16"
255,4,124.719,235.006,5,2,"5,9"
255,5,164.837,153.777,5,5,"4,6,9,13,14"
255,6,225.396,224.868,5,4,"5,8,14,15"
255,7,63.7855,74.9496,5,1,"0"
255,8,279.93,195.943,5,4,"6,12,14,15"
255,9,81.9944,204.261,5,2,"4,5"
255,10,490.634,446.2,5,1,"2"
255,11,387.762,357.309,5,4,"1,2,18,19"
255,12,334.679,187.991,5,3,"8,14,15"
255,13,166.379,92.6083,5,2,"5,17"
255,14,238.672,195.791,5,5,"5,6,8,12,15"
255,15,306.208,224.324,5,4,"6,8,12,14"
255,16,140.132,438.55,5,1,"3"
255,17,252.036,44.4129,5,1,"13"
255,18,437.375,302.484,5,3,"2,11,19"
255,19,402.614,393.525,5,4,"1,2,11,18"
256,0,63.498,69.4123,5,1,"7"
256,1,374.507,437.003,5,2,"11,19"
256,2,472.177,370.092,5,4,"10,11,18,19"
256,3,189.257,384.915,5,1,"16"
256,4,126.256,239.764,5,2,"5,9"
256,5,167.91,157.721,5,5,"4,6,9,13,14"
256,6,228.957,228.379,5,4,"5,8,14,15"
256,7,62.2261,70.199,5,1,"0"
256,8,277.554,200.343,5,4,"6,12,14,15"
256,9,79.2307,200.094,5,2,"4,5"
256,10,490.587,451.2,5,1,"2"
256,11,388.191,362.291,5,4,"1,2,18,19"
256,12,330.202,185.764,5,3,"8,14,15"
256,13,169.092,96.8084,5,1,"5"
256,14,241.858,191.938,5,5,"5,6,8,12,15"
256,15,311.033,225.638,5,4,"6,8,12,14"
256,16,139.38,433.607,5,1,"3"
256,17,255.299,40.6244,5,0,""
256,18,441.928,304.552,5,3,"2,11,19"
256,19,402.317,388.534,5,4,"1,2,11,18"
257,0,59.4562,66.4689,5,1,"7"
257,1,379.233,435.369,5,2,"11,19"
257,2,473.495,374.915,5,4,"10,11,18,19"
257,3,188.451,379.981,5,1,"16"
257,4,127.793,244.522,5,2,"5,9"
257,5,170.983,161.666,5,4,"4,6,13,14"
257,6,232.517,231.889,5,4,"5,8,14,15"
257,7,60.6667,65.4484,5,1,"0"
257,8,275.179,204.743,5,4,"6,12,14,15"
257,9,76.4669,195.927,5,1,"4"
257,10,490.54,456.199,5,1,"2"
257,11,388.621,367.272,5,4,"1,2,18,19"
257,12,325.725,183.537,5,3,"8,14,15"
257,13,171.804,101.008,5,1,"5"
257,14,245.044,188.084,5,5,"5,6,8,12,15"
257,15,315.857,226.952,5,4,"6,8,12,14"
257,16,138.629,428.663,5,1,"3"
257,17,258.562,36.8358,5,0,""
257,18,446.48,306.62,5,3,"2,11,19"
257,19,402.02,383.543,5,4,"1,2,11,18"
258,0,55.4145,63.5254,5,1,"7"
258,1,383.959,433.736,5,2,"11,19"
258,2,474.813,379.738,5,4,"10,11,18,19"
258,3,187.646,375.046,5,1,"16"
258,4,129.156,248.743,0,2,"5,9"
258,5,174.055,165.61,5,4,"4,6,13,14"
258,6,236.078,235.399,5,4,"5,8,14,15"
258,7,59.1073,60.6978,5,1,"0"
258,8,272.804,209.143,5,4,"6,12,14,15"
258,9,73.7032,191.761,5,1,"4"
258,10,490.504,460.05,0,1,"2"
258,11,389.051,372.254,5,4,"1,2,18,19"
258,12,321.248,181.311,5,3,"8,14,15"
258,13,174.517,105.209,5,1,"5"
258,14,248.23,184.231,5,5,"5,6,8,12,15"
258,15,320.681,228.265,5,4,"6,8,12,14"
258,16,137.878,423.72,5,1,"3"
258,17,259.981,35.1882,0,0,""
258,18,451.033,308.687,5,3,"2,11,19"
258,19,401.723,378.552,5,4,"1,2,11,18"
259,0,51.3727,60.5819,5,1,"7"
259,1,388.684,432.103,5,3,"2,11,19"
259,2,476.131,384.562,5,5,"1,10,11,18,19"
259,3,186.84,370.111,5,1,"16"
259,4,129.156,248.743,0,2,"5,9"
259,5,177.128,169.554,5,4,"4,6,13,14"
259,6,239.639,238.91,5,5,"5,8,12,14,15"
259,7,57.5479,55.9472,5,1,"0"
259,8,270.429,213.542,5,4,"6,12,14,15"
259,9,70.9395,187.594,5,1,"4"
259,10,490.504,460.05,0,1,"2"
259,11,389.481,377.235,5,4,"1,2,18,19"
259,12,316.772,179.084,5,4,"6,8,14,15"
259,13,177.23,109.409,5,1,"5"
259,14,251.416,180.377,5,5,"5,6,8,12,15"
259,15,325.506,229.579,5,4,"6,8,12,14"
259,16,137.126,418.777,5,1,"3"
259,17,259.981,35.1882,0,0,""
259,18,455.585,310.755,5,3,"2,11,19"
259,19,401.425,373.561,5,4,"1,2,11,18"
260,0,47.3309,57.6384,5,1,"7"
260,1,393.41,430.47,5,3,"2,11,19"
260,2,477.448,389.385,5,5,"1,10,11,18,19"
260,3,186.034,365.177,5,1,"16"
260,4,129.087,249.303,5,2,"5,9"
260,5,180.201,173.499,5,5,"4,6,8,13,14"
260,6,243.199,242.42,5,5,"5,8,12,14,15"
260,7,55.9885,51.1966,5,1,"0"
260,8,268.054,217.942,5,5,"5,6,12,14,15"
260,9,68.1757,183.427,5,1,"4"
260,10,490.185,458.947,5,1,"2"
260,11,389.91,382.217,5,4,"1,2,18,19"
260,12,312.295,176.858,5,4,"6,8,14,15"
260,13,179.943,113.609,5,2,"5,14"
260,14,254.602,176.524,5,6,"5,6,8,12,13,15"
260,15,330.33,230.893,5,4,"6,8,12,14"
260,16,136.375,413.834,5,1,"3"
260,17,262.654,36.106,5,0,""
260,18,460.137,312.823,5,3,"2,11,19"
260,19,401.128,368.569,5,4,"1,2,11,18"
261,0,45.1219,56.0296,0,1,"7"
261,1,398.136,428.836,5,4,"2,10,11,19"
261,2,478.766,394.208,5,5,"1,10,11,18,19"
261,3,185.228,360.242,5,1,"16"
261,4,128.479,254.266,5,2,"5,9"
261,5,183.274,177.443,5,5,"4,6,8,13,14"
261,6,246.76,245.93,5,5,"5,8,12,14,15"
261,7,54.4291,46.446,5,1,"0"
261,8,265.678,222.342,5,5,"5,6,12,14,15"
261,9,65.412,179.26,5,1,"4"
261,10,488.798,454.143,5,2,"1,2"
261,11,390.34,387.198,5,3,"1,2,19"
261,12,307.818,174.631,5,4,"6,8,14,15"
261,13,182.655,117.809,5,2,"5,14"
261,14,257.788,172.67,5,6,"5,6,8,12,13,15"
261,15,335.154,232.207,5,4,"6,8,12,14"
261,16,135.624,408.891,5,1,"3"
261,17,267.382,37.7303,5,0,""
261,18,460.384,312.935,0,2,"2,19"
261,19,400.831,363.578,5,4,"1,2,11,18"
262,0,45.1219,56.0296,0,1,"7"
262,1,402.862,427.203,5,4,"2,10,11,19"
262,2,480.084,399.031,5,5,"1,10,11,18,19"
262,3,184.423,355.307,5,1,"16"
262,4,127.871,259.229,5,1,"5"
262,5,186.346,181.388,5,5,"4,6,8,13,14"
262,6,250.32,249.441,5,5,"5,8,12,14,15"
262,7,52.8697,41.6954,5,1,"0"
262,8,263.303,226.742,5,5,"5,6,12,14,15"
262,9,62.6483,175.094,5,0,""
262,10,487.411,449.339,5,2,"1,2"
262,11,390.77,392.18,5,3,"1,2,19"
262,12,303.341,172.404,5,4,"6,8,14,15"
262,13,185.368,122.009,5,2,"5,14"
262,14,260.974,168.817,5,5,"5,6,8,12,13"
262,15,339.979,233.52,5,3,"6,8,12"
262,16,134.872,403.947,5,1,"3"
262,17,272.111,39.3546,5,0,""
262,18,460.384,312.935,0,2,"2,19"
262,19,400.534,358.587,5,4,"1,2,11,18"
263,0,45.8663,58.1713,5,1,"7"
263,1,407.587,425.57,5,4,"2,10,11,19"
263,2,481.401,403.854,5,5,"1,10,11,18,19"
263,3,183.617,350.373,5,1,"16"
263,4,127.263,264.192,5,0,""
263,5,189.419,185.332,5,4,"6,8,13,14"
263,6,253.881,252.951,5,5,"5,8,12,14,15"
263,7,51.3103,36.9447,5,1,"0"
263,8,260.928,231.142,5,5,"5,6,12,14,15"
263,9,59.8845,170.927,5,0,""
263,10,486.023,444.536,5,2,"1,2"
263,11,391.2,397.161,5,3,"1,2,19"
263,12,298.864,170.178,5,4,"6,8,14,15"
263,13,188.081,126.209,5,2,"5,14"
263,14,264.16,164.964,5,5,"5,6,8,12,13"
263,15,344.803,234.834,5,3,"6,8,12"
263,16,134.121,399.004,5,1,"3"
263,17,276.84,40.9789,5,0,""
263,18,456.097,314.932,5,2,"2,19"
263,19,400.236,353.596,5,4,"1,2,11,18"
264,0,47.5078,62.8941,5,1,"7"
264,1,412.313,423.937,5,4,"2,10,11,19"
264,2,482.719,408.678,5,4,"1,10,11,18"
264,3,182.811,345.438,5,2,"4,16"
264,4,126.655,269.155,5,1,"3"
264,5,192.492,189.276,5,4,"6,8,13,14"
264,6,257.441,256.461,5,5,"5,8,12,14,15"
264,7,49.7509,32.1941,5,1,"0"
264,8,258.553,235.541,5,5,"5,6,12,14,15"
264,9,57.1208,166.76,5,0,""
264,10,484.636,439.732,5,2,"1,2"
264,11,391.629,402.143,5,3,"1,2,19"
264,12,294.387,167.951,5,4,"6,8,14,15"
264,13,190.794,130.409,5,2,"5,14"
264,14,267.346,161.11,5,5,"5,6,8,12,13"
264,15,349.627,236.148,5,3,"6,8,12"
264,16,133.369,394.061,5,1,"3"
264,17,281.569,42.6032,5,0,""
264,18,451.565,317.043,5,2,"2,19"
264,19,399.939,348.605,5,3,"1,11,18"
265,0,49.1493,67.617,5,2,"7,9"
265,1,417.039,422.304,5,4,"2,10,11,19"
265,2,484.037,413.501,5,3,"1,10,11"
265,3,182.005,340.503,5,2,"4,16"
265,4,126.046,274.117,5,1,"3"
265,5,195.565,193.221,5,5,"6,8,12,13,14"
265,6,261.002,259.972,5,4,"5,8,12,15"
265,7,48.1915,27.4435,5,1,"0"
265,8,256.178,239.941,5,5,"5,6,12,14,15"
265,9,54.3571,162.593,5,1,"0"
265,10,483.249,434.928,5,3,"1,2,11"
265,11,392.059,407.124,5,4,"1,2,10,19"
265,12,289.91,165.725,5,5,"5,6,8,14,15"
265,13,193.506,134.609,5,2,"5,14"
265,14,270.533,157.257,5,4,"5,8,12,13"
265,15,354.452,237.461,5,3,"6,8,12"
265,16,132.618,389.118,5,1,"3"
265,17,286.298,44.2275,5,0,""
265,18,447.032,319.154,5,1,"19"
265,19,399.642,343.614,5,3,"1,11,18"
266,0,50.7908,72.3398,5,2,"7,9"
266,1,421.765,420.67,5,4,"2,10,11,19"
266,2,485.354,418.324,5,3,"1,10,11"
266,3,181.2,335.569,5,2,"4,16"
266,4,125.438,279.08,5,1,"3"
266,5,198.637,197.165,5,5,"6,8,12,13,14"
266,6,264.562,263.482,5,3,"5,8,15"
266,7,47.69,25.9158,0,1,"0"
266,8,253.803,244.341,5,4,"5,6,12,14"
266,9,51.5934,158.427,5,1,"0"
266,10,481.862,430.125,5,3,"1,2,11"
266,11,392.489,412.106,5,4,"1,2,10,19"
266,12,285.434,163.498,5,4,"5,8,13,14"
266,13,196.219,138.809,5,3,"5,12,14"
266,14,273.719,153.403,5,4,"5,8,12,13"
266,15,359.276,238.775,5,1,"6"
266,16,131.867,384.174,5,1,"3"
266,17,291.026,45.8517,5,0,""
266,18,442.5,321.266,5,1,"19"
266,19,399.345,338.623,5,3,"1,11,18"
267,0,52.4324,77.0627,5,2,"7,9"
267,1,426.49,419.037,5,5,"2,10,11,18,19"
267,2,486.672,423.147,5,3,"1,10,11"
267,3,180.394,330.634,5,2,"4,16"
267,4,124.83,284.043,5,2,"3,16"
267,5,201.71,201.109,5,5,"6,8,12,13,14"
267,6,268.123,266.992,5,3,"5,8,15"
267,7,47.69,25.9158,0,1,"0"
267,8,251.427,248.741,5,3,"5,6,12"
267,9,48.8296,154.26,5,1,"0"
267,10,480.475,425.321,5,3,"1,2,11"
267,11,392.919,417.087,5,4,"1,2,10,19"
267,12,280.957,161.271,5,4,"5,8,13,14"
267,13,198.932,143.01,5,3,"5,12,14"
267,14,276.905,149.55,5,3,"5,12,13"
267,15,361.729,239.443,0,1,"6"
267,16,131.115,379.231,5,2,"3,4"
267,17,295.755,47.476,5,0,""
267,18,437.968,323.377,5,2,"1,19"
267,19,399.047,333.631,5,3,"1,11,18"
268,0,54.0739,81.7856,5,2,"7,9"
268,1,431.216,417.404,5,5,"2,10,11,18,19"
268,2,487.99,427.971,5,3,"1,10,11"
268,3,179.588,325.7,5,2,"4,16"
268,4,124.222,289.006,5,2,"3,16"
268,5,204.783,205.054,5,5,"6,8,12,13,14"
268,6,271.684,270.503,5,3,"5,8,15"
268,7,50.1528,28.2484,5,1,"0"
268,8,249.052,253.141,5,3,"5,6,12"
268,9,46.0659,150.093,5,1,"0"
268,10,479.087,420.517,5,3,"1,2,11"
268,11,393.348,422.069,5,4,"1,2,10,19"
268,12,276.48,159.045,5,4,"5,8,13,14"
268,13,201.645,147.21,5,3,"5,12,14"
268,14,280.091,145.696,5,4,"5,12,13,17"
268,15,361.729,239.443,0,2,"6,19"
268,16,130.364,374.288,5,2,"3,4"
268,17,300.484,49.1003,5,1,"14"
268,18,433.435,325.488,5,2,"1,19"
268,19,398.75,328.64,5,4,"1,11,15,18"
269,0,55.7154,86.5084,5,2,"7,9"
269,1,435.942,415.771,5,5,"2,10,11,18,19"
269,2,489.308,432.794,5,3,"1,10,11"
269,3,178.782,320.765,5,3,"4,8,16"
269,4,123.614,293.969,5,2,"3,16"
269,5,207.856,208.998,5,4,"6,8,12,13"
269,6,275.244,274.013,5,3,"5,8,15"
269,7,53.7831,31.6866,5,1,"0"
269,8,246.677,257.541,5,3,"3,5,6"
269,9,43.3022,145.926,5,1,"0"
269,10,477.7,415.713,5,3,"1,2,11"
269,11,393.511,423.958,0,3,"1,2,10"
269,12,272.003,156.818,5,3,"5,13,14"
269,13,204.357,151.41,5,3,"5,12,14"
269,14,283.277,141.843,5,3,"12,13,17"
269,15,360.695,241.673,5,2,"6,19"
269,16,129.613,369.345,5,2,"3,4"
269,17,305.213,50.7246,5,1,"14"
269,18,428.903,327.599,5,2,"1,19"
269,19,398.453,323.649,5,3,"1,15,18"
270,0,57.3569,91.2313,5,2,"7,9"
270,1,438.519,414.88,0,4,"2,10,11,18"
270,2,490.625,437.617,5,3,"1,10,11"
270,3,177.977,315.83,5,3,"4,8,16"
270,4,123.006,298.932,5,2,"3,16"
270,5,210.928,212.943,5,4,"6,8,12,13"
270,6,278.805,277.523,5,3,"5,8,15"
270,7,57.4133,35.1248,5,1,"0"
270,8,244.302,261.94,5,3,"3,5,6"
270,9,40.5384,141.76,5,1,"0"
270,10,476.313,410.91,5,4,"1,2,11,18"
270,11,393.511,423.958,0,4,"1,2,10,18"
270,12,267.526,154.592,5,3,"5,13,14"
270,13,207.07,155.61,5,3,"5,12,14"
270,14,286.463,137.99,5,3,"12,13,17"
270,15,358.591,246.209,5,2,"6,19"
270,16,128.861,364.402,5,2,"3,4"
270,17,309.942,52.3489,5,1,"14"
270,18,424.371,329.711,5,4,"1,10,11,19"
270,19,398.156,318.658,5,2,"15,18"
271,0,58.9984,95.9541,5,2,"7,9"
271,1,438.519,414.88,0,4,"2,10,11,18"
271,2,491.943,442.44,5,2,"1,10"
271,3,177.171,310.896,5,3,"4,8,16"
271,4,122.397,303.895,5,2,"3,16"
271,5,214.001,216.887,5,4,"6,8,12,13"
271,6,282.365,281.034,5,3,"5,8,15"
271,7,61.0435,38.5631,5,1,"0"
271,8,241.927,266.34,5,3,"3,5,6"
271,9,37.7747,137.593,5,1,"0"
271,10,474.926,406.106,5,4,"1,2,11,18"
271,11,390.497,423.215,5,3,"1,10,18"
271,12,263.049,152.365,5,3,"5,13,14"
271,13,209.783,159.81,5,3,"5,12,14"
271,14,289.649,134.136,5,3,"12,13,17"
271,15,356.488,250.745,5,2,"6,19"
271,16,128.11,359.458,5,2,"3,4"
271,17,314.671,53.9732,5,1,"14"
271,18,419.838,331.822,5,4,"1,10,11,19"
271,19,397.859,313.667,5,2,"15,18"
272,0,60.64,100.677,5,2,"7,9"
272,1,436.398,414.063,5,4,"2,10,11,18"
272,2,493.261,447.264,5,2,"1,10"
272,3,176.365,305.961,5,4,"4,5,8,16"
272,4,121.789,308.858,5,2,"3,16"
272,5,217.074,220.831,5,5,"3,6,8,12,13"
272,6,285.926,284.544,5,3,"5,8,15"
272,7,64.6737,42.0013,5,2,"0,9"
272,8,239.551,270.74,5,3,"3,5,6"
272,9,37.6824,137.454,0,2,"0,7"
272,10,473.538,401.302,5,4,"1,2,11,18"
272,11,385.643,422.018,5,3,"1,10,18"
272,12,258.572,150.138,5,3,"5,13,14"
272,13,212.496,164.01,5,3,"5,12,14"
272,14,292.835,130.283,5,3,"12,13,17"
272,15,354.385,255.282,5,3,"6,18,19"
272,16,127.358,354.515,5,2,"3,4"
272,17,319.399,55.5974,5,1,"14"
272,18,415.306,333.933,5,5,"1,10,11,15,19"
272,19,397.561,308.676,5,2,"15,18"
273,0,62.2815,105.4,5,2,"7,9"
273,1,431.732,412.265,5,4,"2,10,11,18"
273,2,494.578,452.087,5,2,"1,10"
273,3,175.56,301.026,5,4,"4,5,8,16"
273,4,121.181,313.82,5,2,"3,16"
273,5,220.146,224.776,5,5,"3,6,8,12,13"
273,6,289.486,288.054,5,3,"5,8,15"
273,7,68.304,45.4395,5,2,"0,9"
273,8,237.176,275.14,5,3,"3,5,6"
273,9,37.6824,137.454,0,2,"0,7"
273,10,472.151,396.499,5,4,"1,2,11,18"
273,11,380.788,420.822,5,3,"1,10,18"
273,12,254.096,147.912,5,3,"5,13,14"
273,13,215.209,168.21,5,3,"5,12,14"
273,14,296.021,126.429,5,3,"12,13,17"
273,15,352.282,259.818,5,3,"6,18,19"
273,16,126.607,349.572,5,2,"3,4"
273,17,324.128,57.2217,5,1,"14"
273,18,410.773,336.045,5,5,"1,10,11,15,19"
273,19,397.264,303.684,5,2,"15,18"
274,0,63.923,110.123,5,2,"7,9"
274,1,427.067,410.467,5,4,"2,10,11,18"
274,2,495.896,456.91,5,2,"1,10"
274,3,174.754,296.092,5,4,"4,5,8,16"
274,4,120.605,318.521,0,2,"3,16"
274,5,223.219,228.72,5,5,"3,6,8,12,13"
274,6,293.047,291.565,5,3,"5,8,15"
274,7,71.9342,48.8777,5,2,"0,9"
274,8,234.801,279.54,5,3,"3,5,6"
274,9,42.028,139.569,5,2,"0,7"
274,10,470.764,391.695,5,4,"1,2,11,18"
274,11,375.933,419.626,5,3,"1,10,18"
274,12,249.619,145.685,5,3,"5,13,14"
274,13,217.921,172.41,5,3,"5,12,14"
274,14,299.207,122.576,5,3,"12,13,17"
274,15,350.178,264.354,5,3,"6,18,19"
274,16,125.856,344.629,5,2,"3,4"
274,17,328.857,58.846,5,1,"14"
274,18,406.241,338.156,5,5,"1,10,11,15,19"
274,19,396.967,298.693,5,2,"15,18"
275,0,65.5645,114.846,5,2,"7,9"
275,1,422.401,408.669,5,4,"2,10,11,18"
275,2,497.214,461.733,5,2,"1,10"
275,3,174.226,292.858,0,4,"4,5,8,16"
275,4,120.605,318.521,0,2,"3,16"
275,5,226.292,232.665,5,5,"3,6,8,12,13"
275,6,296.608,295.075,5,3,"5,8,15"
275,7,75.5644,52.316,5,2,"0,9"
275,8,232.426,283.939,5,3,"3,5,6"
275,9,46.5239,141.757,5,2,"0,7"
275,10,469.377,386.891,5,3,"1,2,18"
275,11,371.078,418.429,5,2,"1,18"
275,12,245.142,143.459,5,3,"5,13,14"
275,13,220.634,176.61,5,2,"5,12"
275,14,302.393,118.722,5,2,"12,17"
275,15,348.075,268.89,5,3,"6,18,19"
275,16,125.104,339.685,5,2,"3,4"
275,17,333.586,60.4703,5,1,"14"
275,18,401.709,340.267,5,5,"1,10,11,15,19"
275,19,396.67,293.702,5,2,"15,18"
276,0,67.206,119.568,5,2,"7,9"
276,1,417.735,406.871,5,3,"10,11,18"
276,2,498.531,466.557,5,1,"10"
276,3,174.226,292.858,0,4,"4,5,8,16"
276,4,120.868,318.541,5,2,"3,16"
276,5,229.365,236.609,5,5,"3,6,8,12,13"
276,6,300.168,298.585,5,4,"5,8,15,19"
276,7,79.1947,55.7542,5,2,"0,9"
276,8,230.051,288.339,5,3,"3,5,6"
276,9,51.0198,143.945,5,2,"0,7"
276,10,467.989,382.087,5,3,"1,2,18"
276,11,366.224,417.233,5,2,"1,18"
276,12,240.665,141.232,5,3,"5,13,14"
276,13,223.347,180.811,5,2,"5,12"
276,14,305.579,114.869,5,2,"12,17"
276,15,345.972,273.426,5,3,"6,18,19"
276,16,124.353,334.742,5,2,"3,4"
276,17,338.315,62.0946,5,1,"14"
276,18,397.176,342.379,5,5,"1,10,11,15,19"
276,19,396.372,288.711,5,3,"6,15,18"
277,0,68.8476,124.291,5,2,"7,9"
277,1,413.07,405.074,5,3,"10,11,18"
277,2,499.413,469.783,0,1,"10"
277,3,175.511,294.008,5,4,"4,5,8,16"
277,4,125.853,318.927,5,2,"3,16"
277,5,232.437,240.553,5,4,"3,6,8,13"
277,6,303.729,302.096,5,5,"5,8,15,18,19"
277,7,82.8249,59.1924,5,2,"0,9"
277,8,227.675,292.739,5,3,"3,5,6"
277,9,55.5156,146.132,5,2,"0,7"
277,10,466.602,377.284,5,3,"1,2,18"
277,11,361.369,416.037,5,2,"1,18"
277,12,236.188,139.005,5,2,"13,14"
277,13,226.06,185.011,5,2,"5,12"
277,14,308.766,111.016,5,2,"12,17"
277,15,343.869,277.962,5,3,"6,18,19"
277,16,123.602,329.799,5,2,"3,4"
277,17,343.043,63.7189,5,1,"14"
277,18,392.644,344.49,5,6,"1,6,10,11,15,19"
277,19,396.075,283.72,5,3,"6,15,18"
278,0,70.4891,129.014,5,2,"7,9"
278,1,408.404,403.276,5,3,"10,11,18"
278,2,499.413,469.783,0,0,""
278,3,179.237,297.342,5,4,"4,5,8,16"
278,4,130.839,319.313,5,3,"3,8,16"
278,5,235.51,244.498,5,4,"3,6,8,13"
278,6,307.289,305.606,5,5,"5,8,15,18,19"
278,7,86.4551,62.6307,5,2,"0,9"
278,8,225.3,297.139,5,4,"3,4,5,6"
278,9,60.0115,148.32,5,2,"0,7"
278,10,465.215,372.48,5,2,"1,18"
278,11,356.514,414.84,5,2,"1,18"
278,12,231.711,136.779,5,2,"13,14"
278,13,228.772,189.211,5,2,"5,12"
278,14,311.952,107.162,5,2,"12,17"
278,15,341.766,282.498,5,3,"6,18,19"
278,16,122.85,324.856,5,2,"3,4"
278,17,347.772,65.3432,5,1,"14"
278,18,388.112,346.601,5,6,"1,6,10,11,15,19"
278,19,395.778,278.729,5,3,"6,15,18"
279,0,72.1306,133.737,5,2,"7,9"
279,1,403.739,401.478,5,3,"10,11,18"
279,2,498.566,468.36,5,0,""
279,3,182.963,300.676,5,4,"4,5,8,16"
279,4,135.824,319.698,5,3,"3,8,16"
279,5,238.583,248.442,5,4,"3,6,8,13"
279,6,310.85,309.116,5,5,"5,8,15,18,19"
279,7,90.0854,66.0689,5,2,"0,9"
279,8,222.925,301.539,5,4,"3,4,5,6"
279,9,64.5074,150.508,5,2,"0,7"
279,10,463.828,367.676,5,2,"1,18"
279,11,351.659,413.644,5,2,"1,18"
279,12,227.234,134.552,5,2,"13,14"
279,13,231.485,193.411,5,2,"5,12"
279,14,315.138,103.309,5,2,"12,17"
279,15,339.662,287.034,5,3,"6,18,19"
279,16,122.099,319.913,5,2,"3,4"
279,17,352.501,66.9674,5,1,"14"
279,18,383.579,348.713,5,6,"1,6,10,11,15,19"
279,19,395.481,273.737,5,3,"6,15,18"
280,0,73.7721,138.46,5,2,"7,9"
280,1,399.073,399.68,5,3,"10,11,18"
280,2,496.01,464.063,5,0,""
280,3,186.689,304.01,5,4,"4,5,8,16"
280,4,140.809,320.084,5,3,"3,8,16"
280,5,241.656,252.387,5,4,"3,6,8,13"
280,6,314.41,312.627,5,5,"5,8,15,18,19"
280,7,93.7156,69.5071,5,2,"0,9"
280,8,220.55,305.939,5,5,"3,4,5,6,16"
280,9,69.0033,152.696,5,2,"0,7"
280,10,462.441,362.873,5,2,"1,18"
280,11,346.804,412.448,5,2,"1,18"
280,12,222.758,132.326,5,1,"13"
280,13,234.198,197.611,5,2,"5,12"
280,14,318.324,99.4554,5,1,"17"
280,15,337.559,291.571,5,3,"6,18,19"
280,16,121.347,314.969,5,3,"3,4,8"
280,17,355.285,67.9236,0,1,"14"
280,18,379.047,350.824,5,6,"1,6,10,11,15,19"
280,19,395.184,268.746,5,3,"6,15,18"
281,0,75.4136,143.183,5,2,"7,9"
281,1,394.407,397.882,5,3,"10,11,18"
281,2,493.453,459.765,5,0,""
281,3,190.415,307.345,5,4,"4,5,8,16"
281,4,145.794,320.469,5,3,"3,8,16"
281,5,244.728,256.331,5,5,"3,6,8,13,15"
281,6,317.971,316.137,5,6,"5,8,11,15,18,19"
281,7,97.3458,72.9454,5,2,"0,9"
281,8,218.175,310.338,5,5,"3,4,5,6,16"
281,9,73.4991,154.884,5,2,"0,7"
281,10,461.053,358.069,5,2,"1,18"
281,11,341.95,411.251,5,3,"1,6,18"
281,12,218.281,130.099,5,1,"13"
281,13,236.911,201.811,5,2,"5,12"
281,14,321.51,95.6019,5,1,"17"
281,15,335.456,296.107,5,4,"5,6,18,19"
281,16,120.596,310.026,5,3,"3,4,8"
281,17,355.285,67.9236,0,1,"14"
281,18,374.515,352.935,5,6,"1,6,10,11,15,19"
281,19,394.886,263.755,5,3,"6,15,18"
282,0,77.0552,147.906,5,2,"7,9"
282,1,389.742,396.084,5,3,"10,11,18"
282,2,490.897,455.468,5,0,""
282,3,194.141,310.679,5,4,"4,5,8,16"
282,4,150.779,320.855,5,3,"3,8,16"
282,5,247.801,260.275,5,5,"3,6,8,13,15"
282,6,321.531,319.647,5,5,"5,11,15,18,19"
282,7,100.976,76.3836,5,2,"0,9"
282,8,215.799,314.738,5,4,"3,4,5,16"
282,9,77.995,157.072,5,2,"0,7"
282,10,459.666,353.265,5,2,"1,18"
282,11,337.095,410.055,5,3,"1,6,18"
282,12,213.804,127.872,5,1,"13"
282,13,239.623,206.011,5,2,"5,12"
282,14,324.696,91.7485,5,1,"17"
282,15,333.353,300.643,5,4,"5,6,18,19"
282,16,119.845,305.083,5,3,"3,4,8"
282,17,353.239,67.718,5,1,"14"
282,18,369.982,355.047,5,6,"1,6,10,11,15,19"
282,19,394.589,258.764,5,3,"6,15,18"
283,0,78.6967,152.628,5,2,"7,9"
283,1,385.076,394.287,5,4,"6,10,11,18"
283,2,488.34,451.171,5,0,""
283,3,197.867,314.013,5,4,"4,5,8,16"
283,4,155.764,321.24,5,3,"3,8,16"
283,5,250.874,264.22,5,5,"3,6,8,13,15"
283,6,325.092,323.158,5,6,"1,5,11,15,18,19"
283,7,104.606,79.8218,5,2,"0,9"
283,8,213.424,319.138,5,4,"3,4,5,16"
283,9,82.4909,159.26,5,2,"0,7"
283,10,458.279,348.462,5,2,"1,18"
283,11,332.24,408.858,5,3,"1,6,18"
283,12,209.327,125.646,5,1,"13"
283,13,242.336,210.211,5,2,"5,12"
283,14,327.882,87.8951,5,1,"17"
283,15,331.25,305.179,5,4,"5,6,18,19"
283,16,119.093,300.14,5,3,"3,4,8"
283,17,348.264,67.2182,5,1,"14"
283,18,365.45,357.158,5,5,"1,6,10,11,15"
283,19,394.292,253.773,5,2,"6,15"
284,0,80.3382,157.351,5,2,"7,9"
284,1,380.411,392.489,5,5,"6,10,11,15,18"
284,2,485.784,446.874,5,0,""
284,3,201.593,317.347,5,4,"4,5,8,16"
284,4,160.749,321.626,5,3,"3,8,16"
284,5,253.947,268.164,5,5,"3,6,8,13,15"
284,6,328.653,326.668,5,5,"1,5,11,15,18"
284,7,108.237,83.26,5,2,"0,9"
284,8,211.049,323.538,5,4,"3,4,5,16"
284,9,86.9867,161.448,5,2,"0,7"
284,10,456.892,343.658,5,2,"1,18"
284,11,327.385,407.662,5,4,"1,6,15,18"
284,12,204.85,123.419,5,1,"13"
284,13,245.049,214.411,5,2,"5,12"
284,14,331.068,84.0416,5,1,"17"
284,15,329.146,309.715,5,6,"1,5,6,11,18,19"
284,16,118.342,295.196,5,3,"3,4,8"
284,17,343.289,66.7183,5,1,"14"
284,18,360.917,359.269,5,5,"1,6,10,11,15"
284,19,393.995,248.782,5,1,"15"
285,0,81.9797,162.074,5,2,"7,9"
285,1,375.745,390.691,5,5,"6,10,11,15,18"
285,2,483.227,442.577,5,0,""
285,3,205.319,320.681,5,4,"4,5,8,16"
285,4,165.734,322.012,5,3,"3,8,16"
285,5,257.019,272.109,5,5,"3,6,8,13,15"
285,6,332.213,330.178,5,5,"1,5,11,15,18"
285,7,111.867,86.6983,5,3,"0,9,12"
285,8,208.674,327.938,5,4,"3,4,5,16"
285,9,91.4826,163.636,5,2,"0,7"
285,10,455.504,338.854,5,1,"1"
285,11,322.531,406.466,5,4,"1,6,15,18"
285,12,200.373,121.192,5,1,"7"
285,13,247.762,218.611,5,1,"5"
285,14,334.254,80.1882,5,1,"17"
285,15,327.043,314.251,5,6,"1,5,6,11,18,19"
285,16,117.591,290.253,5,3,"3,4,8"
285,17,338.314,66.2184,5,1,"14"
285,18,356.385,361.38,5,4,"1,6,11,15"
285,19,393.697,243.791,5,1,"15"
286,0,83.6212,166.797,5,2,"7,9"
286,1,371.079,388.893,5,5,"6,10,11,15,18"
286,2,480.671,438.28,5,0,""
286,3,209.045,324.015,5,3,"4,5,8"
286,4,170.72,322.397,5,3,"3,8,16"
286,5,260.092,276.053,5,5,"3,6,8,13,15"
286,6,335.774,333.689,5,5,"1,5,11,15,18"
286,7,115.497,90.1365,5,3,"0,9,12"
286,8,206.299,332.338,5,3,"3,4,5"
286,9,95.9785,165.824,5,2,"0,7"
286,10,454.117,334.05,5,1,"1"
286,11,317.676,405.269,5,4,"1,6,15,18"
286,12,195.896,118.966,5,1,"7"
286,13,250.475,222.812,5,1,"5"
286,14,337.44,76.3348,5,1,"17"
286,15,324.94,318.787,5,5,"1,5,6,11,18"
286,16,116.839,285.31,5,1,"4"
286,17,333.339,65.7185,5,1,"14"
286,18,351.853,363.492,5,4,"1,6,11,15"
286,19,393.4,238.799,5,0,""
287,0,85.2628,171.52,5,2,"7,9"
287,1,366.414,387.095,5,4,"6,11,15,18"
287,2,478.114,433.983,5,0,""
287,3,212.771,327.349,5,3,"4,5,8"
287,4,175.705,322.783,5,4,"3,5,8,16"
287,5,263.165,279.997,5,6,"3,4,6,8,13,15"
287,6,339.334,337.199,5,5,"1,5,11,15,18"
287,7,119.127,93.5747,5,3,"0,9,12"
287,8,203.923,336.737,5,3,"3,4,5"
287,9,100.474,168.012,5,2,"0,7"
287,10,452.73,329.247,5,0,""
287,11,312.821,404.073,5,4,"1,6,15,18"
287,12,191.42,116.739,5,1,"7"
287,13,253.187,227.012,5,1,"5"
287,14,340.626,72.4814,5,1,"17"
287,15,322.837,323.324,5,5,"1,5,6,11,18"
287,16,116.088,280.367,5,1,"4"
287,17,328.364,65.2187,5,1,"14"
287,18,347.32,365.603,5,4,"1,6,11,15"
287,19,393.103,233.808,5,0,""
288,0,86.9043,176.243,5,2,"7,9"
288,1,361.748,385.298,5,4,"6,11,15,18"
288,2,475.558,429.686,5,0,""
288,3,216.497,330.683,5,3,"4,5,8"
288,4,180.69,323.168,5,4,"3,5,8,16"
288,5,266.238,283.942,5,6,"3,4,6,8,13,15"
288,6,339.474,337.337,0,5,"1,5,11,15,18"
288,7,122.757,97.013,5,3,"0,9,12"
288,8,201.548,341.137,5,3,"3,4,5"
288,9,104.97,170.2,5,3,"0,7,12"
288,10,451.343,324.443,5,0,""
288,11,307.966,402.877,5,4,"1,6,15,18"
288,12,186.943,114.513,5,2,"7,9"
288,13,255.9,231.212,5,1,"5"
288,14,343.812,68.6279,5,1,"17"
288,15,320.734,327.86,5,5,"1,5,6,11,18"
288,16,115.336,275.424,5,1,"4"
288,17,323.389,64.7188,5,1,"14"
288,18,342.788,367.714,5,4,"1,6,11,15"
288,19,392.806,228.817,5,0,""
289,0,88.5458,180.966,5,3,"7,9,16"
289,1,357.083,383.5,5,4,"6,11,15,18"
289,2,473.001,425.389,5,0,""
289,3,220.224,334.017,5,4,"4,5,8,15"
289,4,185.675,323.554,5,4,"3,5,8,16"
289,5,269.31,287.886,5,6,"3,4,6,8,13,15"
289,6,339.474,337.337,0,5,"1,5,11,15,18"
289,7,126.388,100.451,5,3,"0,9,12"
289,8,199.173,345.537,5,3,"3,4,5"
289,9,109.466,172.388,5,4,"0,7,12,16"
289,10,449.955,319.639,5,0,""
289,11,303.112,401.68,5,4,"1,6,15,18"
289,12,182.466,112.286,5,2,"7,9"
289,13,258.613,235.412,5,1,"5"
289,14,346.998,64.7745,5,1,"17"
289,15,318.63,332.396,5,6,"1,3,5,6,11,18"
289,16,114.585,270.48,5,3,"0,4,9"
289,17,318.414,64.2189,5,1,"14"
289,18,338.256,369.826,5,4,"1,6,11,15"
289,19,392.508,223.826,5,0,""
290,0,90.1873,185.688,5,3,"7,9,16"
290,1,352.417,381.702,5,4,"6,11,15,18"
290,2,470.445,421.092,5,0,""
290,3,223.95,337.352,5,5,"4,5,8,11,15"
290,4,190.66,323.939,5,4,"3,5,8,16"
290,5,272.383,291.831,5,6,"3,4,6,8,13,15"
290,6,343.21,334.316,5,5,"1,5,11,15,18"
290,7,130.018,103.889,5,3,"0,9,12"
290,8,196.798,349.937,5,3,"3,4,5"
290,9,113.962,174.576,5,4,"0,7,12,16"
290,10,448.568,314.836,5,0,""
290,11,298.257,400.484,5,5,"1,3,6,15,18"
290,12,182.256,112.182,0,2,"7,9"
290,13,261.326,239.612,5,1,"5"
290,14,350.185,60.9211,5,1,"17"
290,15,316.527,336.932,5,6,"1,3,5,6,11,18"
290,16,113.834,265.537,5,3,"0,4,9"
290,17,313.439,63.719,5,1,"14"
290,18,333.723,371.937,5,4,"1,6,11,15"
290,19,392.211,218.835,5,0,""
291,0,91.8288,190.411,5,3,"7,9,16"
291,1,347.751,379.904,5,4,"6,11,15,18"
291,2,467.888,416.795,5,0,""
291,3,227.676,340.686,5,5,"4,5,8,11,15"
291,4,195.645,324.325,5,3,"3,5,8"
291,5,275.456,295.775,5,7,"3,4,6,8,13,15,18"
291,6,347.098,331.172,5,5,"1,5,11,15,18"
291,7,133.648,107.328,5,3,"0,9,12"
291,8,194.423,354.337,5,3,"3,4,5"
291,9,118.458,176.764,5,4,"0,7,12,16"
291,10,447.181,310.032,5,0,""
291,11,293.402,399.288,5,5,"1,3,6,15,18"
291,12,182.256,112.182,0,2,"7,9"
291,13,264.038,243.812,5,1,"5"
291,14,353.371,57.0677,5,1,"17"
291,15,314.424,341.468,5,6,"1,3,5,6,11,18"
291,16,113.082,260.594,5,2,"0,9"
291,17,308.464,63.2192,5,1,"14"
291,18,329.191,374.048,5,5,"1,5,6,11,15"
291,19,391.914,213.844,5,0,""
292,0,92.9162,193.54,0,3,"7,9,16"
292,1,343.086,378.106,5,4,"6,11,15,18"
292,2,465.332,412.498,5,0,""
292,3,231.402,344.02,5,6,"4,5,8,11,15,18"
292,4,200.63,324.71,5,3,"3,5,8"
292,5,278.529,299.719,5,7,"3,4,6,11,13,15,18"
292,6,350.986,328.029,5,6,"1,5,10,11,15,18"
292,7,137.278,110.766,5,3,"0,9,12"
292,8,192.047,358.736,5,2,"3,4"
292,9,122.954,178.952,5,4,"0,7,12,16"
292,10,445.794,305.228,5,1,"6"
292,11,288.547,398.091,5,6,"1,3,5,6,15,18"
292,12,182.29,116.947,5,2,"7,9"
292,13,266.751,248.012,5,1,"5"
292,14,356.557,53.2142,5,1,"17"
292,15,312.321,346.004,5,6,"1,3,5,6,11,18"
292,16,112.331,255.651,5,2,"0,9"
292,17,303.489,62.7193,5,1,"14"
292,18,324.658,376.16,5,6,"1,3,5,6,11,15"
292,19,391.617,208.852,5,0,""
293,0,92.9162,193.54,0,3,"7,9,16"
293,1,338.42,376.308,5,5,"5,6,11,15,18"
293,2,462.775,408.201,5,0,""
293,3,235.128,347.354,5,6,"4,5,8,11,15,18"
293,4,205.615,325.096,5,4,"3,5,8,13"
293,5,281.601,303.664,5,8,"1,3,4,6,11,13,15,18"
293,6,354.874,324.885,5,5,"1,5,10,15,18"
293,7,140.909,114.204,5,3,"0,9,12"
293,8,189.672,363.136,5,3,"3,4,11"
293,9,127.45,181.14,5,4,"0,7,12,16"
293,10,444.406,300.424,5,1,"6"
293,11,283.693,396.895,5,6,"1,3,5,8,15,18"
293,12,182.326,121.947,5,2,"7,9"
293,13,269.464,252.212,5,2,"4,5"
293,14,359.743,49.3608,5,1,"17"
293,15,310.217,350.54,5,6,"1,3,5,6,11,18"
293,16,111.58,250.708,5,2,"0,9"
293,17,298.514,62.2194,5,1,"14"
293,18,320.126,378.271,5,6,"1,3,5,6,11,15"
293,19,391.32,203.861,5,0,""
294,0,93.3318,195.176,5,3,"7,9,16"
294,1,333.755,374.511,5,6,"3,5,6,11,15,18"
294,2,460.219,403.904,5,0,""
294,3,238.854,350.688,5,8,"1,4,5,8,11,13,15,18"
294,4,210.6,325.482,5,5,"3,5,8,11,13"
294,5,284.674,307.608,5,8,"1,3,4,6,11,13,15,18"
294,6,358.762,321.741,5,5,"1,5,10,15,18"
294,7,144.539,117.642,5,3,"0,9,12"
294,8,187.297,367.536,5,3,"3,4,11"
294,9,131.945,183.328,5,4,"0,7,12,16"
294,10,443.019,295.621,5,1,"6"
294,11,278.838,395.698,5,7,"1,3,4,5,8,15,18"
294,12,182.362,126.947,5,2,"7,9"
294,13,272.177,256.412,5,3,"3,4,5"
294,14,362.929,45.5074,5,1,"17"
294,15,308.114,355.076,5,6,"1,3,5,6,11,18"
294,16,110.828,245.764,5,2,"0,9"
294,17,293.539,61.7195,5,1,"14"
294,18,315.594,380.382,5,6,"1,3,5,6,11,15"
294,19,391.022,198.87,5,0,""
295,0,94.5629,200.022,5,3,"7,9,16"
295,1,329.089,372.713,5,6,"3,5,6,11,15,18"
295,2,457.662,399.607,5,0,""
295,3,242.58,354.022,5,8,"1,4,5,8,11,13,15,18"
295,4,215.586,325.867,5,6,"3,5,8,11,13,15"
295,5,287.747,311.552,5,8,"1,3,4,6,11,13,15,18"
295,6,362.65,318.598,5,5,"1,5,10,15,18"
295,7,148.169,121.081,5,3,"0,9,12"
295,8,184.922,371.936,5,3,"3,4,11"
295,9,136.441,185.516,5,4,"0,7,12,16"
295,10,441.632,290.817,5,1,"6"
295,11,273.983,394.502,5,7,"1,3,4,5,8,15,18"
295,12,182.398,131.947,5,2,"7,9"
295,13,274.889,260.613,5,3,"3,4,5"
295,14,366.115,41.654,5,1,"17"
295,15,306.011,359.613,5,7,"1,3,4,5,6,11,18"
295,16,110.077,240.821,5,2,"0,9"
295,17,288.564,61.2197,5,1,"14"
295,18,311.061,382.494,5,6,"1,3,5,6,11,15"
295,19,390.725,193.879,5,0,""
296,0,95.794,204.868,5,3,"7,9,16"
296,1,324.423,370.915,5,6,"3,5,6,11,15,18"
296,2,455.106,395.31,5,0,""
296,3,246.306,357.356,5,8,"1,4,5,8,11,13,15,18"
296,4,220.571,326.253,5,6,"3,5,8,11,13,15"
296,5,290.82,315.497,5,8,"1,3,4,6,11,13,15,18"
296,6,366.538,315.454,5,5,"1,5,10,15,18"
296,7,151.799,124.519,5,3,"0,9,12"
296,8,182.547,376.336,5,3,"3,4,11"
296,9,140.937,187.704,5,4,"0,7,12,16"
296,10,440.245,286.013,5,1,"6"
296,11,269.128,393.306,5,7,"1,3,4,5,8,15,18"
296,12,182.434,136.947,5,2,"7,9"
296,13,277.602,264.813,5,3,"3,4,5"
296,14,369.301,37.8005,5,1,"17"
296,15,303.908,364.149,5,7,"1,3,4,5,6,11,18"
296,16,109.325,235.878,5,2,"0,9"
296,17,283.589,60.7198,5,1,"14"
296,18,306.529,384.605,5,6,"1,3,5,6,11,15"
296,19,390.428,188.888,5,0,""
297,0,97.0251,209.714,5,2,"9,16"
297,1,319.758,369.117,5,6,"3,5,6,11,15,18"
297,2,452.549,391.013,5,0,""
297,3,250.032,360.69,5,8,"1,4,5,8,11,13,15,18"
297,4,225.556,326.638,5,7,"3,5,8,11,13,15,18"
297,5,293.892,319.441,5,8,"1,3,4,6,11,13,15,18"
297,6,370.426,312.31,5,5,"1,5,10,13,15"
297,7,155.429,127.957,5,2,"9,12"
297,8,180.171,380.736,5,3,"3,4,11"
297,9,145.433,189.892,5,4,"0,7,12,16"
297,10,438.858,281.21,5,1,"6"
297,11,264.274,392.109,5,7,"1,3,4,5,8,15,18"
297,12,182.47,141.946,5,2,"7,9"
297,13,280.315,269.013,5,4,"3,4,5,6"
297,14,372.487,33.9471,5,1,"17"
297,15,301.805,368.685,5,7,"1,3,4,5,6,11,18"
297,16,108.574,230.935,5,2,"0,9"
297,17,278.614,60.2199,5,1,"14"
297,18,301.997,386.716,5,6,"1,3,4,5,11,15"
297,19,390.131,183.897,5,0,""
298,0,98.2562,214.56,5,2,"9,16"
298,1,315.092,367.319,5,8,"3,4,5,6,11,13,15,18"
298,2,449.993,386.716,5,0,""
298,3,253.758,364.024,5,8,"1,4,5,8,11,13,15,18"
298,4,230.541,327.024,5,8,"1,3,5,8,11,13,15,18"
298,5,296.965,323.386,5,8,"1,3,4,6,11,13,15,18"
298,6,374.314,309.166,5,5,"1,5,10,13,15"
298,7,159.06,131.395,5,2,"9,12"
298,8,177.796,385.135,5,3,"3,4,11"
298,9,149.929,192.08,5,4,"0,7,12,16"
298,10,437.47,276.406,5,1,"6"
298,11,259.419,390.913,5,7,"1,3,4,5,8,15,18"
298,12,182.506,146.946,5,2,"7,9"
298,13,283.028,273.213,5,5,"1,3,4,5,6"
298,14,375.673,30.0937,5,0,""
298,15,299.701,373.221,5,7,"1,3,4,5,6,11,18"
298,16,107.823,225.991,5,2,"0,9"
298,17,273.639,59.72,5,0,""
298,18,297.464,388.828,5,6,"1,3,4,5,11,15"
298,19,389.833,178.905,5,0,""
299,0,99.4873,219.406,5,2,"9,16"
299,1,310.427,365.521,5,8,"3,4,5,6,11,13,15,18"
299,2,447.436,382.419,5,0,""
299,3,257.484,367.359,5,8,"1,4,5,8,11,13,15,18"
299,4,235.526,327.409,5,8,"1,3,5,8,11,13,15,18"
299,5,300.038,327.33,5,8,"1,3,4,6,11,13,15,18"
299,6,378.202,306.023,5,4,"1,5,10,13"
299,7,162.69,134.834,5,2,"9,12"
299,8,175.421,389.535,5,3,"3,4,11"
299,9,154.425,194.268,5,4,"0,7,12,16"
299,10,436.083,271.602,5,1,"6"
299,11,254.564,389.717,5,7,"1,3,4,5,8,15,18"
299,12,182.542,151.946,5,2,"7,9"
299,13,285.74,277.413,5,5,"1,3,4,5,6"
299,14,377.925,27.3703,0,0,""
299,15,297.598,377.757,5,6,"1,3,4,5,11,18"
299,16,107.071,221.048,5,2,"0,9"
299,17,268.664,59.2202,5,0,""
299,18,292.932,390.939,5,6,"1,3,4,5,11,15"
299,19,389.536,173.914,5,0,""
300,0,100.718,224.252,5,2,"9,16"
300,1,305.761,363.724,5,8,"3,4,5,6,11,13,15,18"
300,2,444.88,378.122,5,1,"6"
300,3,261.21,370.693,5,8,"1,4,5,8,11,13,15,18"
300,4,240.511,327.795,5,8,"1,3,5,8,11,13,15,18"
300,5,303.111,331.274,5,8,"1,3,4,6,11,13,15,18"
300,6,382.09,302.879,5,5,"1,2,5,10,13"
300,7,166.32,138.272,5,3,"9,12,16"
300,8,173.046,393.935,5,3,"3,4,11"
300,9,158.921,196.455,5,4,"0,7,12,16"
300,10,434.696,266.799,5,1,"6"
300,11,249.709,388.52,5,7,"1,3,4,5,8,15,18"
300,12,182.578,156.946,5,3,"7,9,16"
300,13,288.453,281.613,5,5,"1,3,4,5,6"
300,14,377.925,27.3703,0,0,""
300,15,295.495,382.293,5,6,"1,3,4,5,11,18"
300,16,106.32,216.105,5,4,"0,7,9,12"
300,17,263.69,58.7203,5,0,""
300,18,288.4,393.05,5,6,"1,3,4,5,11,15"
300,19,389.239,168.923,5,0,""
